id,first_name,last_name,email,gender,ip_address,country,moto
1,Beale,Sobtka,bsobtka0@aol.com,Male,115.254.113.35,CN,revolutionize granular e-services
2,Lawry,Upcraft,lupcraft1@nps.gov,Male,249.101.89.78,HN,maximize bricks-and-clicks portals
3,Ky,Segar,ksegar2@usda.gov,Male,253.5.144.15,ID,expedite scalable bandwidth
4,Archy,Crigin,acrigin3@chronoengine.com,Male,248.158.185.43,CN,reintermediate customized e-commerce
5,Wilbur,Cline,wcline4@seattletimes.com,Male,149.248.52.70,BR,architect revolutionary e-commerce
6,Burty,Waddington,bwaddington5@seattletimes.com,Male,124.34.136.229,AF,leverage real-time initiatives
7,Eberhard,Danielczyk,edanielczyk6@goodreads.com,Male,164.82.28.234,NL,transition granular deliverables
8,Gwyneth,Ikins,gikins7@com.com,Female,23.170.36.246,CL,visualize turn-key paradigms
9,Dex,Hernik,dhernik8@vk.com,Male,249.102.34.33,CN,transition clicks-and-mortar solutions
10,Claudina,Hallam,challam9@sourceforge.net,Female,101.146.134.147,PH,orchestrate real-time systems
11,Trix,Ranby,tranbya@edublogs.org,Female,248.207.233.161,PH,transform world-class mindshare
12,Gibbie,Puddifer,gpuddiferb@msn.com,Male,116.139.168.238,CN,deliver cutting-edge content
13,Demetre,Kleinmann,dkleinmannc@msu.edu,Male,108.36.134.97,FR,optimize extensible eyeballs
14,Meghan,Jouannin,mjouannind@tinyurl.com,Female,95.71.127.252,CZ,orchestrate back-end partnerships
15,Roz,McCann,rmccanne@aol.com,Female,229.146.0.180,ID,orchestrate integrated models
16,Dedie,Cordoba,dcordobaf@hexun.com,Female,136.177.149.164,FI,envisioneer impactful bandwidth
17,Welbie,Manifould,wmanifouldg@hatena.ne.jp,Male,70.62.179.130,CN,brand frictionless partnerships
18,Emmett,Lawlor,elawlorh@marriott.com,Male,37.181.80.142,SE,revolutionize mission-critical initiatives
19,Amalea,Ballister,aballisteri@quantcast.com,Female,82.133.225.4,RU,reintermediate wireless markets
20,Rodge,Heak,rheakj@aol.com,Male,185.96.60.125,UA,seize collaborative convergence
21,Dennison,Daunter,ddaunterk@yolasite.com,Male,83.176.171.25,NG,embrace wireless vortals
22,Ban,Slack,bslackl@infoseek.co.jp,Male,126.254.170.166,PE,incubate virtual methodologies
23,Mile,Dyott,mdyottm@altervista.org,Male,102.180.150.188,AL,integrate synergistic solutions
24,Guido,MacNockater,gmacnockatern@edublogs.org,Male,235.10.144.132,CN,cultivate robust partnerships
25,Camel,Denzey,cdenzeyo@webeden.co.uk,Female,175.169.150.59,ID,engineer viral web-readiness
26,Odille,Hunte,ohuntep@wikipedia.org,Female,195.202.133.184,FR,integrate world-class functionalities
27,Andy,McGrale,amcgraleq@miitbeian.gov.cn,Male,196.174.220.226,DO,extend revolutionary synergies
28,Pam,Ramet,prametr@cnbc.com,Female,106.189.108.160,CN,repurpose ubiquitous initiatives
29,Brandtr,Gonning,bgonnings@geocities.com,Male,53.231.231.97,HN,orchestrate value-added content
30,Booth,Patters,bpatterst@a8.net,Male,66.152.191.217,CN,incubate ubiquitous action-items
31,Rooney,Burrow,rburrowu@elpais.com,Male,245.111.48.150,TZ,e-enable sticky supply-chains
32,Jarrod,Bealton,jbealtonv@networkadvertising.org,Male,0.8.153.178,ID,leverage back-end convergence
33,Earl,Patten,epattenw@phoca.cz,Male,225.76.40.118,ID,incubate best-of-breed relationships
34,Darline,Chesworth,dchesworthx@vk.com,Female,227.84.13.119,ID,integrate killer e-tailers
35,Joella,Gomar,jgomary@posterous.com,Female,240.251.8.180,CN,orchestrate frictionless markets
36,Drake,Brand,dbrandz@google.com.br,Male,185.244.141.43,ID,disintermediate customized solutions
37,Gideon,Theodoris,gtheodoris10@macromedia.com,Male,179.202.18.131,CN,optimize interactive channels
38,Agnola,Perl,aperl11@scribd.com,Female,117.249.195.57,ID,transition cross-platform deliverables
39,Andrei,Kingcott,akingcott12@npr.org,Female,196.194.146.222,CN,scale clicks-and-mortar e-commerce
40,Kelsy,Loadman,kloadman13@cnn.com,Female,118.21.1.63,CZ,disintermediate turn-key users
41,Lena,Red,lred14@prnewswire.com,Female,30.192.127.244,MA,scale global platforms
42,Cornelia,Shacklady,cshacklady15@nsw.gov.au,Female,238.34.30.85,ID,whiteboard killer action-items
43,Channa,Riordan,criordan16@comsenz.com,Female,54.6.68.70,FR,redefine bricks-and-clicks e-tailers
44,Luther,Jewster,ljewster17@amazon.co.jp,Male,196.25.196.57,KZ,e-enable user-centric niches
45,Vincenz,Cambell,vcambell18@stumbleupon.com,Male,114.249.222.153,ID,maximize value-added markets
46,Glynis,Curran,gcurran19@skype.com,Female,78.159.87.207,RU,generate next-generation deliverables
47,Leela,Fensome,lfensome1a@abc.net.au,Female,232.13.232.168,CN,seize intuitive architectures
48,Val,Frangleton,vfrangleton1b@gizmodo.com,Male,24.137.228.1,MN,enable frictionless metrics
49,Della,Grinstead,dgrinstead1c@usa.gov,Female,113.136.42.203,IR,syndicate collaborative users
50,Heywood,Fluin,hfluin1d@yellowpages.com,Male,165.168.251.211,FI,monetize proactive networks
51,Prue,Gullberg,pgullberg1e@pcworld.com,Female,32.255.176.222,CN,harness visionary platforms
52,Asher,Lefridge,alefridge1f@posterous.com,Male,50.119.255.70,ID,benchmark extensible eyeballs
53,Boonie,Mapston,bmapston1g@hostgator.com,Male,120.39.217.115,RU,target bricks-and-clicks action-items
54,Ezequiel,Franchioni,efranchioni1h@wordpress.org,Male,3.118.16.212,PH,orchestrate strategic systems
55,Margaretha,Gunther,mgunther1i@umn.edu,Female,213.172.229.164,CN,optimize value-added deliverables
56,Bradan,Meininger,bmeininger1j@marriott.com,Male,27.8.187.106,PH,strategize mission-critical infrastructures
57,Agnese,Headford,aheadford1k@arizona.edu,Female,25.49.253.148,ZA,engineer cross-platform vortals
58,Fred,Margetson,fmargetson1l@guardian.co.uk,Male,188.180.89.128,CN,productize interactive systems
59,Arabella,Berger,aberger1m@si.edu,Female,164.234.96.113,QA,grow virtual solutions
60,Stacey,Featonby,sfeatonby1n@networkadvertising.org,Female,76.227.45.213,US,evolve robust portals
61,Trenton,Thackham,tthackham1o@ow.ly,Male,53.248.101.159,PT,synthesize frictionless communities
62,Myer,Sebring,msebring1p@comsenz.com,Male,60.181.137.107,ID,whiteboard plug-and-play paradigms
63,Humfrid,Padilla,hpadilla1q@simplemachines.org,Male,214.211.154.74,PL,whiteboard robust supply-chains
64,Brynna,Lampl,blampl1r@sciencedaily.com,Female,9.6.109.102,BR,generate granular methodologies
65,Janey,Cummine,jcummine1s@cmu.edu,Female,237.190.128.60,CN,revolutionize enterprise synergies
66,Maryjo,Lukas,mlukas1t@hibu.com,Female,142.108.100.245,PL,matrix compelling models
67,Brigham,O'Luney,boluney1u@oracle.com,Male,233.112.71.251,BR,exploit bleeding-edge infomediaries
68,Camille,Ingman,cingman1v@dagondesign.com,Female,74.8.201.25,BJ,benchmark cutting-edge experiences
69,Marina,Lumox,mlumox1w@blogs.com,Female,185.254.71.130,RS,enhance customized functionalities
70,Waldon,Pilmoor,wpilmoor1x@ovh.net,Male,226.181.45.204,CN,extend clicks-and-mortar technologies
71,Sherye,Skingle,sskingle1y@omniture.com,Female,150.49.200.166,NG,disintermediate robust eyeballs
72,Kelcey,Teasey,kteasey1z@berkeley.edu,Female,177.75.191.242,BY,visualize turn-key initiatives
73,Weston,Mcasparan,wmcasparan20@artisteer.com,Male,70.15.104.197,RU,productize revolutionary web services
74,Fiorenze,Mundow,fmundow21@flavors.me,Female,58.11.46.11,CN,optimize e-business web services
75,Ric,Rolingson,rrolingson22@jiathis.com,Male,79.69.188.253,NI,transform B2C content
76,Lilly,Redier,lredier23@ehow.com,Female,224.173.179.41,CM,morph compelling platforms
77,Dyann,Causon,dcauson24@nba.com,Female,222.61.178.125,UA,syndicate killer schemas
78,Ezra,MacDowall,emacdowall25@wordpress.com,Male,208.214.21.86,RU,visualize plug-and-play metrics
79,Amery,Farfull,afarfull26@flickr.com,Male,132.142.220.115,CN,evolve holistic functionalities
80,Madison,Galle,mgalle27@themeforest.net,Male,108.156.164.21,RU,reinvent enterprise architectures
81,Toby,Bowle,tbowle28@nymag.com,Female,133.82.155.255,PL,disintermediate integrated e-services
82,Walt,McRonald,wmcronald29@dyndns.org,Male,159.105.219.67,UA,deliver integrated channels
83,Dolf,Tobias,dtobias2a@omniture.com,Male,27.75.147.75,CD,deliver rich ROI
84,Mariana,O'Flannery,moflannery2b@intel.com,Female,123.101.136.179,CN,reintermediate open-source interfaces
85,Renard,Hortop,rhortop2c@friendfeed.com,Male,250.195.37.144,ID,transform out-of-the-box e-markets
86,Florencia,Tunnicliff,ftunnicliff2d@upenn.edu,Female,64.137.137.163,MA,orchestrate 24/365 schemas
87,Jacintha,Janaway,jjanaway2e@foxnews.com,Female,128.3.255.197,PL,engage front-end e-commerce
88,Berny,Rosie,brosie2f@flickr.com,Male,168.126.249.40,MN,repurpose clicks-and-mortar web services
89,Lyndsay,Edmonston,ledmonston2g@economist.com,Female,213.232.30.238,PH,architect back-end applications
90,Alfred,Licas,alicas2h@163.com,Male,231.248.122.151,MK,orchestrate leading-edge deliverables
91,Pepita,Gerlts,pgerlts2i@nbcnews.com,Female,0.49.207.83,LC,innovate one-to-one synergies
92,Modestia,Nollet,mnollet2j@goo.gl,Female,10.102.94.20,CO,productize visionary experiences
93,Danie,Cox,dcox2k@chicagotribune.com,Male,6.206.226.28,ID,monetize end-to-end eyeballs
94,Corbie,Ehrat,cehrat2l@merriam-webster.com,Male,62.4.178.15,ID,engage world-class networks
95,Kane,Gaskoin,kgaskoin2m@prlog.org,Male,31.218.82.208,RU,extend collaborative methodologies
96,Bianca,Calton,bcalton2n@goo.gl,Female,71.105.226.151,SE,disintermediate rich niches
97,Balduin,Heatly,bheatly2o@mayoclinic.com,Male,136.111.49.135,ID,incentivize turn-key methodologies
98,Alvera,Gasker,agasker2p@myspace.com,Female,177.122.245.68,CL,enhance plug-and-play deliverables
99,Cassandry,Kording,ckording2q@accuweather.com,Female,147.112.181.43,SE,redefine transparent partnerships
100,Rufe,Ladewig,rladewig2r@squidoo.com,Male,70.151.255.145,TN,exploit ubiquitous synergies
101,Jake,Mendus,jmendus2s@dedecms.com,Male,252.193.39.150,ID,orchestrate visionary mindshare
102,Justis,Slingsby,jslingsby2t@forbes.com,Male,175.123.141.35,MN,maximize distributed schemas
103,Celia,Muscat,cmuscat2u@surveymonkey.com,Female,78.219.11.208,RU,engineer scalable e-business
104,Aluin,Busek,abusek2v@woothemes.com,Male,25.69.122.90,IL,mesh value-added applications
105,Koren,Hurdedge,khurdedge2w@delicious.com,Female,209.8.229.200,IE,repurpose holistic partnerships
106,Katleen,Disney,kdisney2x@vinaora.com,Female,236.210.131.80,BR,harness enterprise vortals
107,Lewiss,Blyth,lblyth2y@newyorker.com,Male,149.244.250.69,CN,seize integrated synergies
108,Neel,Colthurst,ncolthurst2z@51.la,Male,230.244.180.69,LT,leverage cross-media web-readiness
109,Beltran,Davio,bdavio30@intel.com,Male,120.132.3.102,CN,synergize mission-critical content
110,Town,Mosedill,tmosedill31@miitbeian.gov.cn,Male,57.40.40.125,SE,scale vertical portals
111,Barbi,Greenhowe,bgreenhowe32@chicagotribune.com,Female,55.40.187.244,ID,expedite dot-com e-business
112,Roth,Martill,rmartill33@webeden.co.uk,Male,167.146.215.134,KZ,syndicate cross-platform technologies
113,Flori,Summerlee,fsummerlee34@google.co.jp,Female,126.65.8.44,UA,engineer bricks-and-clicks deliverables
114,Jermaine,Redholls,jredholls35@mac.com,Female,215.35.95.107,ID,exploit seamless networks
115,Marysa,Clegg,mclegg36@nhs.uk,Female,53.115.135.152,CN,exploit extensible metrics
116,Paquito,Bullon,pbullon37@independent.co.uk,Male,77.190.77.78,TN,embrace 24/365 infrastructures
117,Theodore,Lucus,tlucus38@ca.gov,Male,201.108.171.109,GR,revolutionize wireless relationships
118,Gilburt,Cowburn,gcowburn39@unblog.fr,Male,178.250.56.245,TH,expedite end-to-end functionalities
119,Milzie,Sommerfeld,msommerfeld3a@macromedia.com,Female,3.67.202.176,PL,reintermediate vertical web-readiness
120,Eleni,Currall,ecurrall3b@imgur.com,Female,243.40.56.81,BR,redefine holistic supply-chains
121,Braden,Kernan,bkernan3c@bloglines.com,Male,189.149.161.216,CZ,implement cutting-edge methodologies
122,Augustina,Garlick,agarlick3d@wikispaces.com,Female,86.105.1.3,UA,enhance value-added schemas
123,Ernesta,Gummer,egummer3e@addtoany.com,Female,189.20.129.48,PH,engage transparent portals
124,Toma,Giberd,tgiberd3f@exblog.jp,Female,43.15.57.51,ID,synthesize revolutionary channels
125,Pacorro,Yerill,pyerill3g@cam.ac.uk,Male,25.167.121.172,ID,streamline mission-critical bandwidth
126,Gwendolen,Wace,gwace3h@webeden.co.uk,Female,231.104.103.208,CN,repurpose viral e-markets
127,Maribelle,Thebe,mthebe3i@purevolume.com,Female,66.152.236.229,CN,productize intuitive synergies
128,Patty,Banbrigge,pbanbrigge3j@weebly.com,Female,130.215.78.81,PL,evolve B2C niches
129,Alvinia,Huffa,ahuffa3k@spiegel.de,Female,217.23.6.192,ID,revolutionize seamless architectures
130,Obadias,Guite,oguite3l@ezinearticles.com,Male,163.3.157.162,CN,streamline B2B web-readiness
131,Fin,Brooksbie,fbrooksbie3m@moonfruit.com,Male,179.138.176.117,RU,mesh best-of-breed relationships
132,Cecilio,Wasiela,cwasiela3n@123-reg.co.uk,Male,9.187.232.69,KW,morph rich technologies
133,Carolin,Boydon,cboydon3o@yahoo.co.jp,Female,214.59.217.28,CN,reinvent global web-readiness
134,Addy,Dansey,adansey3p@usnews.com,Male,190.138.178.59,SE,empower proactive communities
135,Barn,Janic,bjanic3q@shareasale.com,Male,83.101.135.32,GR,synthesize innovative supply-chains
136,Tobias,Nassy,tnassy3r@163.com,Male,49.64.108.6,CN,deploy out-of-the-box relationships
137,Bartholomew,Lie,blie3s@nature.com,Male,203.182.254.143,FR,transform 24/365 metrics
138,Benoit,Huggins,bhuggins3t@so-net.ne.jp,Male,42.68.34.197,CN,enable open-source systems
139,Tammi,Yashin,tyashin3u@loc.gov,Female,105.72.50.130,VN,innovate best-of-breed supply-chains
140,Charmion,Buttle,cbuttle3v@howstuffworks.com,Female,176.50.244.224,CN,synergize frictionless convergence
141,Jess,Grayling,jgrayling3w@privacy.gov.au,Female,115.37.169.239,PL,drive vertical markets
142,Chrysa,Baddeley,cbaddeley3x@usgs.gov,Female,41.135.104.221,SI,leverage open-source methodologies
143,Simone,Ibel,sibel3y@theglobeandmail.com,Female,52.121.56.29,PH,synthesize interactive functionalities
144,Ty,Enrico,tenrico3z@netvibes.com,Male,8.108.15.198,CN,engineer innovative e-commerce
145,Iago,Tompion,itompion40@icq.com,Male,213.168.209.84,JP,architect visionary communities
146,Markus,Doul,mdoul41@disqus.com,Male,217.150.253.254,DE,benchmark turn-key infomediaries
147,Kettie,Bassingham,kbassingham42@nhs.uk,Female,185.159.232.142,CN,implement e-business initiatives
148,Torin,Petrashov,tpetrashov43@xrea.com,Male,59.252.66.37,SE,recontextualize ubiquitous eyeballs
149,Petrina,Waltering,pwaltering44@digg.com,Female,193.75.150.61,HR,harness e-business action-items
150,Theodora,Measor,tmeasor45@sourceforge.net,Female,237.75.163.177,KR,repurpose bricks-and-clicks e-services
151,Janel,Dinnage,jdinnage46@guardian.co.uk,Female,245.90.107.100,FR,harness interactive infomediaries
152,Sharl,Sealand,ssealand47@ucoz.com,Female,181.141.33.124,CN,target sexy methodologies
153,Windy,Crallan,wcrallan48@smugmug.com,Female,53.44.217.100,FR,matrix innovative networks
154,Joshua,Pomery,jpomery49@about.com,Male,34.191.213.147,KM,incubate visionary partnerships
155,Tracy,McGuigan,tmcguigan4a@bing.com,Male,99.64.204.20,TN,transition next-generation models
156,Ivonne,Reichhardt,ireichhardt4b@domainmarket.com,Female,64.126.47.231,EC,disintermediate collaborative architectures
157,Nicholas,Burne,nburne4c@posterous.com,Male,129.3.160.144,BR,integrate wireless architectures
158,Tanny,Gerritzen,tgerritzen4d@exblog.jp,Male,152.187.230.210,CN,transform dynamic models
159,Moyra,Fronks,mfronks4e@huffingtonpost.com,Female,78.220.191.207,FR,grow plug-and-play users
160,Scarlett,Anthill,santhill4f@squidoo.com,Female,150.127.70.147,DJ,orchestrate clicks-and-mortar infrastructures
161,Tomkin,Skunes,tskunes4g@comcast.net,Male,148.179.198.56,ID,seize granular relationships
162,Stella,Kid,skid4h@w3.org,Female,253.54.215.166,CN,exploit extensible ROI
163,Dugald,Kobieriecki,dkobieriecki4i@europa.eu,Male,153.196.162.54,TN,target viral web-readiness
164,Morse,Guillford,mguillford4j@examiner.com,Male,206.116.64.199,UG,envisioneer world-class relationships
165,Kiele,Matschke,kmatschke4k@fda.gov,Female,39.145.144.210,CN,grow strategic e-services
166,Mayor,Clericoates,mclericoates4l@hc360.com,Male,172.135.37.248,CN,transition customized solutions
167,Catriona,Andover,candover4m@flickr.com,Female,121.50.90.198,UA,extend sticky solutions
168,Angela,Diable,adiable4n@tripod.com,Female,45.224.6.170,TZ,embrace next-generation markets
169,Donall,Pavel,dpavel4o@nih.gov,Male,197.22.199.112,GE,leverage clicks-and-mortar paradigms
170,Carlita,Charles,ccharles4p@yale.edu,Female,241.87.54.50,RU,e-enable holistic portals
171,Nap,Patzelt,npatzelt4q@hostgator.com,Male,91.117.135.201,CN,grow 24/365 deliverables
172,Blythe,Simeoli,bsimeoli4r@fotki.com,Female,190.204.99.93,ID,extend open-source e-tailers
173,Ibby,Hurlston,ihurlston4s@huffingtonpost.com,Female,150.97.198.135,NC,morph innovative infomediaries
174,Mufinella,Firminger,mfirminger4t@netscape.com,Female,75.77.79.157,NP,empower one-to-one applications
175,Deena,Wanless,dwanless4u@webeden.co.uk,Female,179.203.100.224,NO,transition visionary deliverables
176,Sadella,Astie,sastie4v@liveinternet.ru,Female,93.115.205.250,MX,innovate viral e-markets
177,Margarete,Shakelady,mshakelady4w@cnn.com,Female,171.177.99.47,FI,enhance web-enabled mindshare
178,Ernesto,Phateplace,ephateplace4x@yale.edu,Male,116.165.111.219,RU,unleash collaborative e-commerce
179,Sheena,Caulier,scaulier4y@scribd.com,Female,78.193.65.233,RU,matrix bricks-and-clicks methodologies
180,Alfonso,Mouse,amouse4z@hao123.com,Male,234.82.47.250,ID,target scalable experiences
181,Jessee,Jain,jjain50@opensource.org,Male,105.197.57.14,CN,optimize wireless platforms
182,Ruthanne,Courtes,rcourtes51@ibm.com,Female,157.66.132.13,SI,strategize revolutionary content
183,Winna,Pressland,wpressland52@github.com,Female,242.118.30.247,CN,integrate robust methodologies
184,Welsh,Chasemoore,wchasemoore53@oakley.com,Male,0.89.212.215,GR,facilitate virtual convergence
185,Catina,Djorvic,cdjorvic54@omniture.com,Female,18.217.203.247,ID,incubate back-end convergence
186,Stafford,Emmanuele,semmanuele55@hugedomains.com,Male,125.81.173.15,SE,e-enable clicks-and-mortar convergence
187,Tod,Saffer,tsaffer56@xing.com,Male,229.13.160.28,ID,productize strategic interfaces
188,Leshia,Grocutt,lgrocutt57@privacy.gov.au,Female,242.32.29.101,ID,repurpose bricks-and-clicks technologies
189,Prinz,Dunkirk,pdunkirk58@addtoany.com,Male,192.141.207.49,PE,morph bleeding-edge metrics
190,Coralie,Glinde,cglinde59@ebay.co.uk,Female,15.119.163.205,GR,optimize strategic infomediaries
191,Anna-diane,Lampitt,alampitt5a@hc360.com,Female,244.81.108.62,BR,integrate B2C niches
192,Jackie,Truin,jtruin5b@devhub.com,Female,195.21.246.199,LV,synthesize customized supply-chains
193,Kat,Lathaye,klathaye5c@cam.ac.uk,Female,170.156.126.61,CN,enable e-business e-tailers
194,Hogan,Le Noury,hlenoury5d@wp.com,Male,223.162.110.29,PL,target compelling portals
195,Doro,Swiers,dswiers5e@vk.com,Female,32.137.226.141,CN,incubate holistic relationships
196,Talia,Dallison,tdallison5f@cocolog-nifty.com,Female,167.170.99.81,LT,target scalable content
197,Rodger,Berdale,rberdale5g@abc.net.au,Male,187.104.236.196,MX,enable innovative vortals
198,Lorianna,Fritchly,lfritchly5h@chronoengine.com,Female,177.41.3.193,SE,exploit plug-and-play functionalities
199,Fredrick,Scrange,fscrange5i@noaa.gov,Male,175.20.245.6,PH,reinvent enterprise experiences
200,Wendell,Haws,whaws5j@imageshack.us,Male,22.113.176.9,CN,streamline e-business web services
201,Madison,Filipputti,mfilipputti5k@quantcast.com,Male,2.252.98.218,PK,transform intuitive metrics
202,Codie,Garvagh,cgarvagh5l@tuttocitta.it,Male,95.134.28.79,NZ,synergize viral content
203,Lauren,Cristobal,lcristobal5m@timesonline.co.uk,Male,142.142.238.0,JP,whiteboard vertical experiences
204,Hersh,Domonkos,hdomonkos5n@printfriendly.com,Male,248.83.160.135,PE,target enterprise experiences
205,Tyler,Thuillier,tthuillier5o@yahoo.co.jp,Male,51.156.232.104,US,maximize interactive solutions
206,Jo,Casham,jcasham5p@dagondesign.com,Female,3.47.46.2,PT,deliver web-enabled infomediaries
207,Holt,Faley,hfaley5q@amazon.com,Male,233.114.21.155,ID,cultivate B2C communities
208,Marve,Menichino,mmenichino5r@simplemachines.org,Male,134.5.129.229,CO,disintermediate viral technologies
209,Lilli,Geffe,lgeffe5s@jigsy.com,Female,141.236.181.241,PL,visualize next-generation platforms
210,Analiese,Villaron,avillaron5t@csmonitor.com,Female,230.224.55.197,CN,exploit viral paradigms
211,Dov,Prenty,dprenty5u@naver.com,Male,153.241.52.226,PL,repurpose B2C vortals
212,Meriel,Painswick,mpainswick5v@china.com.cn,Female,222.220.42.215,PE,implement integrated metrics
213,Guthrie,Cubley,gcubley5w@sohu.com,Male,15.22.76.127,CN,mesh ubiquitous eyeballs
214,Constanta,Antos,cantos5x@tinypic.com,Female,48.191.188.93,KM,transform cross-platform solutions
215,Karlotta,Painswick,kpainswick5y@usnews.com,Female,80.225.116.25,ID,embrace sticky web-readiness
216,Marya,Taks,mtaks5z@chron.com,Female,79.163.27.210,PH,benchmark real-time networks
217,Willy,Scamerden,wscamerden60@newyorker.com,Female,102.193.99.76,ML,expedite B2C eyeballs
218,Ford,Blondell,fblondell61@smugmug.com,Male,38.64.170.68,VN,revolutionize robust applications
219,Jeth,De la Eglise,jdelaeglise62@si.edu,Male,42.130.112.135,PL,incentivize efficient e-services
220,Halsey,Hemeret,hhemeret63@vimeo.com,Male,5.107.79.219,ID,drive mission-critical action-items
221,Patton,Kleingrub,pkleingrub64@last.fm,Male,236.99.45.125,RS,streamline proactive infrastructures
222,Vin,Jerrams,vjerrams65@ycombinator.com,Male,207.164.230.250,ID,unleash front-end applications
223,Hallie,Fraulo,hfraulo66@miitbeian.gov.cn,Female,98.80.204.44,US,disintermediate revolutionary e-business
224,Garv,Padrick,gpadrick67@homestead.com,Male,247.194.198.146,CN,orchestrate bricks-and-clicks communities
225,Giraldo,Rowlson,growlson68@gravatar.com,Male,154.251.20.152,DE,engineer visionary ROI
226,Hedwig,Slinger,hslinger69@bing.com,Female,223.78.165.223,LC,optimize transparent infomediaries
227,Dionysus,Cobbledick,dcobbledick6a@t-online.de,Male,184.27.178.160,CD,iterate global web services
228,Kay,McCunn,kmccunn6b@shop-pro.jp,Female,225.192.126.5,SY,architect magnetic infomediaries
229,Ugo,Skingley,uskingley6c@biblegateway.com,Male,43.58.190.208,NO,transform B2C content
230,Currie,Bakesef,cbakesef6d@ucoz.ru,Male,51.193.169.102,PL,expedite viral web services
231,Laurella,Ornils,lornils6e@cnet.com,Female,161.196.119.101,RU,repurpose global methodologies
232,Annmaria,Tichner,atichner6f@indiatimes.com,Female,26.200.132.217,ET,reinvent bricks-and-clicks content
233,Frants,Bromehead,fbromehead6g@tumblr.com,Male,121.148.253.14,RU,empower extensible e-markets
234,Coleman,Robottham,crobottham6h@earthlink.net,Male,37.66.129.243,GR,redefine dynamic deliverables
235,Tedi,Smartman,tsmartman6i@ucoz.ru,Female,80.36.76.79,DO,transition robust relationships
236,Wilmer,Ryall,wryall6j@weather.com,Male,37.42.60.243,CN,benchmark synergistic applications
237,Oran,Gilhool,ogilhool6k@dyndns.org,Male,10.202.106.71,KZ,scale compelling platforms
238,Rawley,Clendennen,rclendennen6l@1688.com,Male,105.139.236.219,CO,engage magnetic methodologies
239,Gerard,Ickovic,gickovic6m@unesco.org,Male,187.41.114.23,PL,engineer extensible web services
240,Rosina,Blewis,rblewis6n@house.gov,Female,251.143.172.160,CN,scale intuitive communities
241,Anne-marie,Vyel,avyel6o@technorati.com,Female,25.229.219.22,BR,synthesize magnetic e-markets
242,Adan,Ashmore,aashmore6p@w3.org,Female,82.159.51.28,GH,mesh best-of-breed methodologies
243,Blayne,Hallifax,bhallifax6q@slideshare.net,Male,69.62.128.110,VN,e-enable cross-media communities
244,Smitty,Harkin,sharkin6r@dedecms.com,Male,211.34.129.171,CN,grow one-to-one metrics
245,Odetta,Hullins,ohullins6s@hexun.com,Female,102.206.21.210,PH,matrix out-of-the-box partnerships
246,Modestine,Meiningen,mmeiningen6t@imdb.com,Female,254.33.186.108,KE,grow impactful infomediaries
247,Edythe,Grieves,egrieves6u@psu.edu,Female,246.175.224.221,PT,evolve back-end eyeballs
248,Letitia,Nancarrow,lnancarrow6v@opensource.org,Female,5.124.56.30,PT,envisioneer B2C schemas
249,Karol,Hughs,khughs6w@adobe.com,Female,46.98.179.136,CN,harness wireless e-markets
250,Mahala,Roseborough,mroseborough6x@gravatar.com,Female,6.105.14.138,AM,matrix viral communities
251,Erastus,Loft,eloft6y@sphinn.com,Male,41.164.138.219,ID,productize bricks-and-clicks vortals
252,Happy,Bilby,hbilby6z@unc.edu,Female,54.95.215.110,CN,orchestrate transparent channels
253,Dew,Clunan,dclunan70@dot.gov,Male,159.152.232.67,BR,matrix rich applications
254,Sebastiano,Caunter,scaunter71@eventbrite.com,Male,9.204.187.211,BT,unleash sexy e-business
255,Fonzie,Davidovich,fdavidovich72@sciencedirect.com,Male,120.254.5.43,MG,e-enable visionary initiatives
256,Alverta,Wauchope,awauchope73@google.de,Female,132.74.125.183,CN,grow mission-critical e-business
257,Vikki,Coggen,vcoggen74@hc360.com,Female,180.201.164.120,CZ,reinvent B2B web-readiness
258,Skippie,Haney,shaney75@nature.com,Male,13.193.221.178,CN,scale value-added e-services
259,Bebe,Howse,bhowse76@nhs.uk,Female,111.175.90.205,ID,enhance next-generation schemas
260,Neda,Dewhirst,ndewhirst77@shutterfly.com,Female,112.147.98.130,AF,orchestrate rich models
261,Lucho,Pakenham,lpakenham78@4shared.com,Male,237.122.53.210,AL,transition bricks-and-clicks vortals
262,Syd,O'Carmody,socarmody79@merriam-webster.com,Male,126.145.137.188,PT,reintermediate collaborative web-readiness
263,Tasha,Gomery,tgomery7a@sakura.ne.jp,Female,166.137.184.241,JP,synthesize 24/7 networks
264,Kamilah,Goter,kgoter7b@csmonitor.com,Female,76.67.149.86,CN,drive web-enabled models
265,Galvan,Collett,gcollett7c@opera.com,Male,148.122.37.167,RU,empower mission-critical synergies
266,Winne,Dixsee,wdixsee7d@spiegel.de,Female,153.186.21.36,GD,brand open-source eyeballs
267,Linn,Treadgold,ltreadgold7e@blogtalkradio.com,Male,120.211.171.98,CN,synergize dot-com methodologies
268,Ernie,Letts,eletts7f@soup.io,Male,158.92.84.85,ZW,revolutionize sexy interfaces
269,Aretha,Klulik,aklulik7g@exblog.jp,Female,116.89.115.71,CD,disintermediate global e-tailers
270,Engracia,Osan,eosan7h@lulu.com,Female,229.30.75.92,CN,strategize value-added bandwidth
271,Alvie,Hollow,ahollow7i@uiuc.edu,Male,168.194.54.42,RU,revolutionize sexy action-items
272,Billi,Aldwich,baldwich7j@phoca.cz,Female,155.137.238.151,NZ,cultivate enterprise deliverables
273,Carlene,Corrigan,ccorrigan7k@dropbox.com,Female,111.230.197.89,JP,deploy cutting-edge initiatives
274,Corina,Beaudry,cbeaudry7l@feedburner.com,Female,152.4.91.64,CN,transition robust portals
275,Bernie,Joubert,bjoubert7m@ibm.com,Male,215.176.126.47,ID,seize intuitive content
276,Eydie,Cake,ecake7n@dell.com,Female,0.50.67.147,CN,embrace distributed e-services
277,Lynea,Matterdace,lmatterdace7o@smugmug.com,Female,4.27.133.130,LY,mesh transparent systems
278,Devin,Keam,dkeam7p@cnbc.com,Male,191.153.112.145,SE,evolve mission-critical web services
279,Candra,Kaas,ckaas7q@marriott.com,Female,148.120.60.106,ID,utilize revolutionary e-business
280,Geordie,Maxwale,gmaxwale7r@sciencedirect.com,Male,27.243.241.179,CN,strategize user-centric schemas
281,Jourdain,Chaston,jchaston7s@fastcompany.com,Male,182.169.128.172,CN,deliver value-added convergence
282,Gustave,Serrier,gserrier7t@livejournal.com,Male,204.12.243.127,BR,monetize viral solutions
283,Sonni,Slad,sslad7u@cisco.com,Female,75.118.217.200,SE,transform intuitive e-commerce
284,Alfonso,Juanico,ajuanico7v@economist.com,Male,29.195.160.181,ID,maximize one-to-one e-tailers
285,Retha,Kernar,rkernar7w@virginia.edu,Female,123.170.175.166,MY,drive turn-key web-readiness
286,Jody,Janse,jjanse7x@smh.com.au,Female,65.225.249.114,CN,brand sticky models
287,Amabelle,Duckinfield,aduckinfield7y@census.gov,Female,6.143.160.135,PH,morph dot-com markets
288,Waylan,McKevitt,wmckevitt7z@addthis.com,Male,162.197.90.58,FR,enhance bricks-and-clicks e-business
289,Ruthie,Joss,rjoss80@wsj.com,Female,14.160.126.51,CO,redefine collaborative e-services
290,Jasun,Brisset,jbrisset81@mapquest.com,Male,179.75.95.79,ID,transition front-end metrics
291,Roddie,Casacchia,rcasacchia82@vistaprint.com,Male,204.3.17.7,NZ,target compelling synergies
292,Daniele,Wythe,dwythe83@sun.com,Female,29.253.118.19,PE,strategize collaborative methodologies
293,Lorrayne,Lamplough,llamplough84@ycombinator.com,Female,176.6.13.180,KZ,maximize B2C applications
294,Sutherland,Spadeck,sspadeck85@tmall.com,Male,65.8.49.6,ID,synergize dot-com infomediaries
295,Riccardo,Scapelhorn,rscapelhorn86@hhs.gov,Male,37.113.80.133,PL,exploit cutting-edge deliverables
296,Dona,Dusting,ddusting87@yellowpages.com,Female,178.144.212.218,MD,engineer sexy vortals
297,Leighton,Sprules,lsprules88@hubpages.com,Male,47.93.124.141,CL,reintermediate dynamic metrics
298,Leonidas,Merrall,lmerrall89@loc.gov,Male,254.27.82.166,PH,expedite cross-platform solutions
299,Way,Isley,wisley8a@tumblr.com,Male,150.203.120.192,MQ,leverage scalable partnerships
300,Nichole,Grivori,ngrivori8b@xinhuanet.com,Male,5.67.227.82,IE,embrace magnetic relationships
301,Alan,Jepensen,ajepensen8c@dailymail.co.uk,Male,104.55.180.183,UG,mesh granular content
302,Curtis,Mullarkey,cmullarkey8d@rakuten.co.jp,Male,196.230.128.184,UA,innovate plug-and-play paradigms
303,Marcos,Braisher,mbraisher8e@unesco.org,Male,109.237.70.76,SI,strategize innovative supply-chains
304,Ann-marie,Amiable,aamiable8f@ovh.net,Female,150.69.246.217,PH,revolutionize web-enabled infomediaries
305,Gill,Golden,ggolden8g@sourceforge.net,Male,139.87.195.112,NZ,synergize enterprise interfaces
306,Thorn,Raison,traison8h@wp.com,Male,30.32.206.12,CN,morph seamless e-services
307,Shelbi,Ziems,sziems8i@github.io,Female,214.18.142.187,UG,implement distributed synergies
308,Darnell,Millbank,dmillbank8j@i2i.jp,Male,201.243.184.239,AR,grow strategic ROI
309,Maddy,Yirrell,myirrell8k@gravatar.com,Male,95.122.6.123,SE,recontextualize B2C convergence
310,Aaron,Wozencroft,awozencroft8l@edublogs.org,Male,82.148.170.215,SE,innovate synergistic mindshare
311,Brittan,Blackborne,bblackborne8m@naver.com,Female,68.134.159.117,CZ,harness strategic content
312,Pip,Dudeney,pdudeney8n@goo.gl,Male,198.225.181.205,CN,recontextualize visionary eyeballs
313,Nicolea,Perigoe,nperigoe8o@google.cn,Female,84.252.225.71,PT,maximize B2B e-services
314,Sidoney,Bartalucci,sbartalucci8p@economist.com,Female,25.249.97.36,ID,benchmark rich interfaces
315,Sonny,Fielders,sfielders8q@ocn.ne.jp,Male,20.79.131.133,CN,matrix scalable relationships
316,Emery,Churchward,echurchward8r@chron.com,Male,213.207.38.197,PE,optimize sticky interfaces
317,Haroun,Dimitrie,hdimitrie8s@cbslocal.com,Male,164.241.219.23,JP,morph collaborative supply-chains
318,Tyler,Vennard,tvennard8t@mapquest.com,Male,176.242.122.72,IQ,brand frictionless synergies
319,Marcie,Cregan,mcregan8u@jimdo.com,Female,103.189.81.213,SE,benchmark customized technologies
320,Anabelle,Kiefer,akiefer8v@webmd.com,Female,219.112.50.127,KR,aggregate vertical technologies
321,Neda,Battlestone,nbattlestone8w@t-online.de,Female,162.117.232.236,CN,embrace dynamic bandwidth
322,Woodman,Oldham,woldham8x@tiny.cc,Male,92.56.121.104,CN,brand synergistic mindshare
323,Murry,Gecke,mgecke8y@purevolume.com,Male,108.58.136.156,AR,implement granular content
324,Sascha,Rubinfeld,srubinfeld8z@bbc.co.uk,Female,145.148.52.180,NL,exploit B2B ROI
325,Merrili,Combe,mcombe90@homestead.com,Female,97.135.126.137,ID,benchmark user-centric models
326,Derk,Laver,dlaver91@techcrunch.com,Male,133.82.220.138,IL,optimize virtual functionalities
327,Lettie,Pietranek,lpietranek92@usa.gov,Female,60.244.202.237,RS,brand back-end paradigms
328,Perri,Longhi,plonghi93@elegantthemes.com,Female,129.36.56.82,FR,grow revolutionary architectures
329,Aubry,Vigar,avigar94@list-manage.com,Female,110.185.85.40,ID,grow mission-critical niches
330,Vachel,Creelman,vcreelman95@cargocollective.com,Male,30.148.219.178,ME,orchestrate transparent convergence
331,Teador,Brunone,tbrunone96@census.gov,Male,18.18.89.115,CN,architect front-end web services
332,Dwain,Birdwhistle,dbirdwhistle97@mediafire.com,Male,180.76.68.7,CN,facilitate real-time synergies
333,Kitty,Neilson,kneilson98@theguardian.com,Female,38.234.43.189,CN,incubate end-to-end e-commerce
334,Witty,Throughton,wthroughton99@newyorker.com,Male,10.42.164.138,PH,exploit innovative markets
335,Malvina,Stanway,mstanway9a@japanpost.jp,Female,28.41.6.123,CN,embrace wireless methodologies
336,Cheston,O'Hogertie,cohogertie9b@tumblr.com,Male,180.168.149.134,KP,extend rich infrastructures
337,Janeen,Brittian,jbrittian9c@about.me,Female,207.230.239.47,AR,drive integrated interfaces
338,Traver,Jordan,tjordan9d@nature.com,Male,138.67.59.133,ID,extend e-business models
339,Vern,Stubbe,vstubbe9e@ed.gov,Male,44.210.206.141,SE,scale intuitive models
340,Chaddie,Gravenall,cgravenall9f@deliciousdays.com,Male,201.194.131.53,KZ,engineer innovative users
341,Phillie,Shave,pshave9g@vk.com,Female,216.252.182.208,TH,embrace bleeding-edge content
342,Ibby,Dearth,idearth9h@weebly.com,Female,136.180.106.67,CN,synthesize frictionless vortals
343,Cordelia,Colin,ccolin9i@ebay.co.uk,Female,4.32.187.206,ZA,iterate revolutionary deliverables
344,Maegan,Salomon,msalomon9j@bravesites.com,Female,31.175.114.191,ZA,utilize web-enabled functionalities
345,Evania,Moyse,emoyse9k@seesaa.net,Female,100.241.222.75,DE,optimize holistic content
346,Lucille,Verrills,lverrills9l@clickbank.net,Female,250.113.186.238,JP,drive one-to-one methodologies
347,Thorstein,Cusick,tcusick9m@dropbox.com,Male,52.146.173.17,CN,engage granular e-tailers
348,Guillaume,Bewly,gbewly9n@state.tx.us,Male,3.96.241.94,CN,exploit sticky experiences
349,Shalna,Danilyuk,sdanilyuk9o@pinterest.com,Female,218.130.143.185,MA,envisioneer frictionless experiences
350,Nadine,Slyvester,nslyvester9p@yahoo.com,Female,113.32.43.254,PH,cultivate extensible partnerships
351,Gustav,Gull,ggull9q@addthis.com,Male,141.200.224.138,CN,synergize extensible vortals
352,Piotr,Sutherns,psutherns9r@acquirethisname.com,Male,124.155.138.187,FR,matrix proactive relationships
353,Karolina,Caghy,kcaghy9s@etsy.com,Female,188.115.130.244,BR,incubate plug-and-play content
354,Phoebe,Axcell,paxcell9t@indiegogo.com,Female,110.46.44.15,US,deliver customized content
355,Evangelina,Tout,etout9u@cdbaby.com,Female,138.127.191.153,AR,monetize global content
356,Danny,Corkett,dcorkett9v@statcounter.com,Male,109.96.222.143,CR,envisioneer next-generation synergies
357,Dalia,Crathern,dcrathern9w@gov.uk,Female,188.185.176.23,CN,syndicate virtual bandwidth
358,Matias,Poytheras,mpoytheras9x@so-net.ne.jp,Male,16.150.17.105,CN,iterate proactive architectures
359,Oberon,Anwell,oanwell9y@wikimedia.org,Male,89.169.158.194,ET,morph efficient portals
360,Wolf,Shillabeer,wshillabeer9z@unblog.fr,Male,41.152.226.199,CN,exploit front-end convergence
361,Jerry,Lansdale,jlansdalea0@mashable.com,Male,95.174.88.142,CN,repurpose dot-com relationships
362,Berti,Rankmore,brankmorea1@ycombinator.com,Female,96.230.137.31,RU,matrix holistic e-business
363,Farr,Duckworth,fduckwortha2@vimeo.com,Male,142.69.9.223,SE,leverage visionary mindshare
364,Nessy,Osbourne,nosbournea3@sohu.com,Female,25.16.39.104,RU,e-enable transparent platforms
365,Oberon,Karolowski,okarolowskia4@youtu.be,Male,182.69.241.105,MX,strategize sexy networks
366,Cori,Parkyns,cparkynsa5@nydailynews.com,Female,244.241.118.208,CO,synthesize granular experiences
367,Harli,Cushelly,hcushellya6@mit.edu,Female,185.74.70.166,PH,benchmark compelling networks
368,Nonna,Tatterton,ntattertona7@xrea.com,Female,245.218.41.107,AO,transition holistic methodologies
369,Nick,Baume,nbaumea8@baidu.com,Male,79.68.100.141,ID,implement best-of-breed architectures
370,Rebekah,Bouda,rboudaa9@blinklist.com,Female,45.189.118.165,RU,incentivize visionary synergies
371,Murray,Birkin,mbirkinaa@ask.com,Male,205.249.12.204,MX,synergize visionary portals
372,Parry,Yokley,pyokleyab@istockphoto.com,Male,222.245.94.190,PL,utilize collaborative markets
373,Sharline,Beevens,sbeevensac@aboutads.info,Female,85.247.190.146,CN,drive scalable partnerships
374,Linoel,Minget,lmingetad@reverbnation.com,Male,232.25.229.36,PT,maximize dynamic paradigms
375,Delores,Furlow,dfurlowae@liveinternet.ru,Female,145.38.35.159,CN,optimize value-added communities
376,Ami,Haggard,ahaggardaf@wikia.com,Female,4.123.2.85,PE,monetize innovative architectures
377,Darlleen,Gilder,dgilderag@timesonline.co.uk,Female,232.164.234.62,JP,integrate virtual users
378,Jamaal,Fullard,jfullardah@mail.ru,Male,177.143.189.195,FR,synthesize one-to-one partnerships
379,Dorita,McMinn,dmcminnai@e-recht24.de,Female,223.49.43.198,ID,monetize integrated ROI
380,Arel,Tarling,atarlingaj@facebook.com,Male,18.209.182.23,TH,strategize synergistic content
381,Nealon,Dimitru,ndimitruak@skype.com,Male,58.122.162.19,ID,implement user-centric vortals
382,Geraldine,Margach,gmargachal@webmd.com,Female,173.182.59.52,PL,maximize sticky partnerships
383,Edvard,Brundill,ebrundillam@washington.edu,Male,174.237.6.159,MG,matrix vertical niches
384,Ellene,Linn,elinnan@is.gd,Female,196.9.32.98,CN,incubate world-class functionalities
385,Ki,Foltin,kfoltinao@apache.org,Female,80.116.209.218,BG,harness innovative convergence
386,Reynolds,Hallstone,rhallstoneap@constantcontact.com,Male,206.57.33.160,AR,recontextualize e-business mindshare
387,Ruddie,Dundridge,rdundridgeaq@hao123.com,Male,44.22.69.183,UG,evolve scalable partnerships
388,Lexi,Kinze,lkinzear@discovery.com,Female,228.206.103.129,CN,unleash intuitive channels
389,Carly,Batchley,cbatchleyas@godaddy.com,Male,58.183.16.90,RU,cultivate value-added bandwidth
390,Fanni,Mantha,fmanthaat@mlb.com,Female,245.233.94.116,CN,whiteboard transparent e-markets
391,Glenn,Titheridge,gtitheridgeau@merriam-webster.com,Male,178.117.93.163,CN,matrix world-class solutions
392,Trev,Baudone,tbaudoneav@jigsy.com,Male,100.231.23.38,PL,enhance sexy deliverables
393,Myles,McLernon,mmclernonaw@about.com,Male,14.117.218.58,ID,envisioneer end-to-end platforms
394,Camellia,Kerford,ckerfordax@abc.net.au,Female,196.244.3.121,CA,transition transparent eyeballs
395,Timmie,Whitlaw,twhitlaway@csmonitor.com,Male,243.205.194.63,ID,utilize intuitive solutions
396,Grata,Keppy,gkeppyaz@bizjournals.com,Female,177.96.131.98,ID,redefine out-of-the-box interfaces
397,Mala,Debenham,mdebenhamb0@desdev.cn,Female,35.138.185.255,ID,matrix web-enabled eyeballs
398,Earl,Mackneis,emackneisb1@statcounter.com,Male,65.97.97.17,PT,cultivate one-to-one metrics
399,Ahmad,Hince,ahinceb2@dell.com,Male,1.238.148.203,US,harness e-business ROI
400,Bobbie,Hedney,bhedneyb3@epa.gov,Male,46.61.120.195,PL,benchmark front-end systems
401,Ricoriki,Pendre,rpendreb4@linkedin.com,Male,26.17.159.210,CZ,embrace dynamic platforms
402,Quillan,Burker,qburkerb5@harvard.edu,Male,146.211.54.75,RU,utilize interactive e-tailers
403,Trudey,Curteis,tcurteisb6@yahoo.com,Female,124.56.157.243,UA,embrace robust networks
404,Irena,Shinn,ishinnb7@devhub.com,Female,0.0.98.103,RU,leverage open-source metrics
405,Benito,Malarkey,bmalarkeyb8@washington.edu,Male,231.49.168.193,CN,brand visionary methodologies
406,Waly,Fiske,wfiskeb9@ow.ly,Female,199.251.192.62,NG,utilize seamless supply-chains
407,Alonzo,Aysik,aaysikba@newyorker.com,Male,65.62.232.90,PH,embrace user-centric applications
408,Johnny,Bolden,jboldenbb@uol.com.br,Male,58.82.58.222,AF,maximize visionary paradigms
409,Chelsae,Flicker,cflickerbc@instagram.com,Female,13.153.181.82,CM,innovate integrated infomediaries
410,Rosaleen,Jozaitis,rjozaitisbd@google.pl,Female,39.72.111.201,AF,whiteboard transparent content
411,Hayden,Lorand,hlorandbe@jiathis.com,Male,81.239.76.59,PH,incentivize holistic systems
412,Dusty,Cosin,dcosinbf@npr.org,Female,130.62.210.101,CN,morph sticky initiatives
413,Ermin,Adan,eadanbg@blogtalkradio.com,Male,177.147.38.59,CN,orchestrate B2B architectures
414,Jess,Boothebie,jboothebiebh@mapquest.com,Male,161.136.231.86,CN,reintermediate clicks-and-mortar portals
415,Jada,Crank,jcrankbi@csmonitor.com,Female,205.73.202.180,PT,incentivize transparent portals
416,Richy,Hollingshead,rhollingsheadbj@moonfruit.com,Male,138.149.67.4,CN,utilize revolutionary platforms
417,Shirl,Hertwell,shertwellbk@twitter.com,Female,251.191.234.174,SE,harness virtual niches
418,Erwin,Ulyat,eulyatbl@soup.io,Male,168.51.254.245,CN,harness mission-critical communities
419,Jake,Revett,jrevettbm@usnews.com,Male,178.207.163.151,LR,maximize 24/365 technologies
420,Scarlet,Cragg,scraggbn@foxnews.com,Female,79.138.241.24,CZ,innovate user-centric e-markets
421,Ailey,Durtnell,adurtnellbo@yahoo.co.jp,Female,118.7.73.8,PE,disintermediate sticky e-services
422,Ade,Piniur,apiniurbp@theguardian.com,Male,181.41.63.80,PH,synergize innovative architectures
423,Drona,Fomichkin,dfomichkinbq@etsy.com,Female,119.107.75.178,RU,mesh end-to-end schemas
424,Elianora,Mathiassen,emathiassenbr@feedburner.com,Female,79.191.85.246,HR,benchmark virtual infrastructures
425,Doroteya,Hedley,dhedleybs@gnu.org,Female,235.215.34.229,HU,orchestrate user-centric paradigms
426,Henriette,Skepper,hskepperbt@rakuten.co.jp,Female,108.169.228.187,RU,deploy sexy functionalities
427,Irwinn,Sammon,isammonbu@japanpost.jp,Male,48.41.229.205,PT,syndicate cross-media channels
428,Deb,Lobb,dlobbbv@people.com.cn,Female,130.26.214.238,AR,harness viral communities
429,Aleda,Verheijden,averheijdenbw@arstechnica.com,Female,55.220.84.97,CN,brand cross-platform mindshare
430,Beverley,Chalcraft,bchalcraftbx@soundcloud.com,Female,179.159.77.189,PH,engineer B2C web-readiness
431,Osgood,Bedford,obedfordby@eepurl.com,Male,190.50.123.112,ID,grow plug-and-play communities
432,Kevin,Cregg,kcreggbz@sciencedaily.com,Male,245.30.253.59,CN,drive e-business vortals
433,Tate,Thorouggood,tthorouggoodc0@360.cn,Female,59.91.6.100,CG,optimize cross-media e-services
434,Clea,Sushams,csushamsc1@state.tx.us,Female,89.224.249.103,IT,maximize impactful deliverables
435,Skippie,Garnul,sgarnulc2@ed.gov,Male,53.26.224.177,ID,redefine global functionalities
436,Carlene,Tumpane,ctumpanec3@msn.com,Female,142.54.255.124,CN,evolve cross-media paradigms
437,Farra,Wolfendell,fwolfendellc4@epa.gov,Female,224.74.3.199,CN,productize cutting-edge functionalities
438,Marget,Awcoate,mawcoatec5@usgs.gov,Female,164.75.239.52,CN,aggregate cutting-edge supply-chains
439,Linnea,Picknett,lpicknettc6@engadget.com,Female,219.208.43.193,AF,architect one-to-one deliverables
440,Petronille,Worsnop,pworsnopc7@slate.com,Female,233.55.206.70,CN,enhance world-class supply-chains
441,Gussi,Mackley,gmackleyc8@sun.com,Female,109.123.113.34,CN,redefine cutting-edge action-items
442,Maritsa,Navein,mnaveinc9@ucla.edu,Female,71.175.215.46,US,grow frictionless models
443,Rachelle,Pykerman,rpykermanca@vimeo.com,Female,192.233.25.149,CN,whiteboard best-of-breed e-commerce
444,Shepard,Sugge,ssuggecb@yolasite.com,Male,222.14.140.187,CN,strategize world-class web services
445,Jane,Wrefford,jwreffordcc@cnet.com,Female,244.152.186.102,US,transition compelling technologies
446,Alvera,Ingledew,aingledewcd@xing.com,Female,62.250.196.244,PY,synthesize leading-edge infrastructures
447,Paige,Friman,pfrimance@hugedomains.com,Male,172.190.1.186,HR,repurpose bleeding-edge relationships
448,Annnora,Andrin,aandrincf@rakuten.co.jp,Female,195.35.70.125,ID,e-enable killer vortals
449,Lari,Eilhertsen,leilhertsencg@bigcartel.com,Female,78.76.2.17,ID,revolutionize cross-media technologies
450,Eric,Arendt,earendtch@blogs.com,Male,54.82.194.132,CN,transform value-added bandwidth
451,Sybyl,Filby,sfilbyci@ucla.edu,Female,124.219.191.180,PK,whiteboard leading-edge relationships
452,Temple,Noulton,tnoultoncj@altervista.org,Male,177.102.142.255,RS,utilize turn-key infomediaries
453,Daria,MacConnal,dmacconnalck@hibu.com,Female,242.152.194.127,ID,harness integrated e-commerce
454,Julie,Cool,jcoolcl@qq.com,Male,33.78.61.85,HR,integrate sticky deliverables
455,Rory,Le febre,rlefebrecm@china.com.cn,Female,36.213.205.205,TH,e-enable ubiquitous mindshare
456,Harmonie,Emtage,hemtagecn@fda.gov,Female,23.161.13.71,RU,benchmark sexy action-items
457,Paco,Wrenn,pwrennco@army.mil,Male,37.70.131.38,SE,whiteboard ubiquitous networks
458,Frederico,Powderham,fpowderhamcp@google.nl,Male,17.58.41.101,RU,expedite clicks-and-mortar architectures
459,Robinia,Scougall,rscougallcq@photobucket.com,Female,28.241.132.168,CN,orchestrate robust e-tailers
460,Gordie,Ledwidge,gledwidgecr@toplist.cz,Male,81.37.153.53,NL,incentivize B2C models
461,Jennie,Linton,jlintoncs@usgs.gov,Female,67.143.40.40,FI,mesh holistic architectures
462,Jamison,Copperwaite,jcopperwaitect@nih.gov,Male,65.53.6.150,KH,reintermediate dot-com mindshare
463,Clary,Metschke,cmetschkecu@fema.gov,Female,90.28.151.18,BR,brand scalable bandwidth
464,Daniela,Furby,dfurbycv@reference.com,Female,74.108.76.89,ZA,incentivize one-to-one applications
465,Menard,Dehmel,mdehmelcw@patch.com,Male,172.221.205.16,SE,mesh open-source users
466,Tersina,McDunlevy,tmcdunlevycx@stanford.edu,Female,208.222.161.52,CZ,visualize visionary channels
467,Spence,Parsisson,sparsissoncy@weather.com,Male,167.117.66.210,ID,brand cross-media web-readiness
468,Jemmie,Tuffin,jtuffincz@barnesandnoble.com,Female,23.179.170.106,CY,productize frictionless infrastructures
469,Fanchette,Huntingford,fhuntingfordd0@prweb.com,Female,54.57.47.136,CN,envisioneer robust mindshare
470,Jonas,Barbrick,jbarbrickd1@examiner.com,Male,66.253.1.130,ID,iterate sexy niches
471,Berry,Divina,bdivinad2@accuweather.com,Female,69.245.237.176,BR,grow vertical markets
472,Lyell,Bromhead,lbromheadd3@acquirethisname.com,Male,125.184.45.89,CN,synthesize cross-platform portals
473,Randolf,Gerson,rgersond4@berkeley.edu,Male,88.56.130.43,RU,strategize B2C networks
474,Rupert,Arnould,rarnouldd5@pcworld.com,Male,53.140.32.244,PH,recontextualize virtual eyeballs
475,Dorita,Britian,dbritiand6@dedecms.com,Female,36.62.55.184,HR,e-enable 24/7 e-tailers
476,Stavros,Tracey,straceyd7@nifty.com,Male,79.140.80.185,PE,productize B2B functionalities
477,Domingo,Commin,dcommind8@fc2.com,Male,196.38.42.26,VN,monetize global supply-chains
478,Lincoln,McGrouther,lmcgroutherd9@sciencedirect.com,Male,55.245.242.249,ID,whiteboard B2C web services
479,Gerhard,Belli,gbellida@pbs.org,Male,141.27.223.51,CZ,utilize killer partnerships
480,Ali,Leachman,aleachmandb@de.vu,Female,3.159.245.154,GT,whiteboard compelling e-markets
481,Damiano,Worrall,dworralldc@taobao.com,Male,91.218.208.204,CN,unleash web-enabled mindshare
482,Claudia,Kaes,ckaesdd@walmart.com,Female,174.157.86.230,GR,evolve innovative models
483,Erin,Sondland,esondlandde@liveinternet.ru,Male,107.95.2.49,PL,leverage virtual systems
484,Kirbie,Hehnke,khehnkedf@google.com.hk,Female,195.15.135.226,BR,optimize enterprise markets
485,Flin,Wattins,fwattinsdg@sohu.com,Male,164.83.245.151,MU,orchestrate scalable methodologies
486,Rebekkah,Alexandrou,ralexandroudh@infoseek.co.jp,Female,182.152.216.43,PT,maximize mission-critical supply-chains
487,Vassili,Hovert,vhovertdi@furl.net,Male,16.128.21.250,ZA,synthesize B2B portals
488,Bron,Attard,battarddj@cam.ac.uk,Male,242.17.87.31,RU,productize bricks-and-clicks schemas
489,Torrin,Dudney,tdudneydk@samsung.com,Male,1.246.209.219,BR,architect next-generation initiatives
490,Georgianna,Yearn,gyearndl@rediff.com,Female,61.134.173.97,TH,synergize killer communities
491,Merl,Crabtree,mcrabtreedm@1und1.de,Female,68.222.195.56,LU,transition wireless functionalities
492,Cesya,Okey,cokeydn@pagesperso-orange.fr,Female,139.202.6.19,SE,unleash revolutionary networks
493,Lorena,Chichgar,lchichgardo@cbsnews.com,Female,107.165.148.26,PE,embrace granular e-tailers
494,Vivie,Althrope,valthropedp@sakura.ne.jp,Female,84.37.82.172,ZA,syndicate 24/365 convergence
495,Priscilla,Rosenblum,prosenblumdq@google.de,Female,147.55.145.220,CN,target open-source vortals
496,Nevin,Fishley,nfishleydr@whitehouse.gov,Male,236.149.37.71,CN,mesh extensible bandwidth
497,Chad,Yegorkin,cyegorkinds@hao123.com,Male,59.204.216.103,PH,leverage cross-platform methodologies
498,Cheri,Savidge,csavidgedt@oaic.gov.au,Female,119.250.189.86,TH,matrix leading-edge applications
499,Andreana,Kirckman,akirckmandu@artisteer.com,Female,10.239.68.196,RU,implement extensible e-commerce
500,Clementine,Shimony,cshimonydv@bbb.org,Female,225.75.134.89,LA,aggregate synergistic supply-chains
501,Josiah,Johananov,jjohananovdw@phpbb.com,Male,19.224.161.148,HU,target customized eyeballs
502,Byrle,Rickard,brickarddx@xrea.com,Male,62.127.27.46,FR,cultivate back-end partnerships
503,Tracy,O'Hara,toharady@guardian.co.uk,Female,239.92.108.163,PH,target open-source mindshare
504,Onfroi,Fyall,ofyalldz@engadget.com,Male,121.25.114.106,BZ,incentivize proactive bandwidth
505,Rand,Chstney,rchstneye0@furl.net,Male,106.96.91.147,ES,deliver ubiquitous systems
506,Coralie,Dabbes,cdabbese1@naver.com,Female,44.233.43.154,KM,reintermediate efficient niches
507,Stesha,Delgardillo,sdelgardilloe2@sphinn.com,Female,13.96.107.21,PN,enhance granular deliverables
508,Dannie,Cotherill,dcotherille3@simplemachines.org,Female,85.71.128.115,DE,disintermediate frictionless e-markets
509,Sharleen,Brookton,sbrooktone4@biblegateway.com,Female,170.17.85.144,CN,incentivize extensible e-tailers
510,Dane,Goldson,dgoldsone5@msn.com,Male,166.75.138.241,US,engage turn-key users
511,Calv,Mc Mechan,cmcmechane6@craigslist.org,Male,16.181.17.89,KZ,harness plug-and-play partnerships
512,Aluino,Malarkey,amalarkeye7@va.gov,Male,28.47.131.200,AZ,generate efficient web-readiness
513,Bartholomew,Syphas,bsyphase8@dion.ne.jp,Male,144.119.43.198,SE,envisioneer out-of-the-box metrics
514,Bud,Kelwaybamber,bkelwaybambere9@privacy.gov.au,Male,129.36.219.195,NI,utilize rich functionalities
515,Chaddie,Masterman,cmastermanea@hostgator.com,Male,41.190.138.124,SE,engineer extensible systems
516,Thor,Rospars,trosparseb@bloglines.com,Male,144.240.196.110,ID,optimize ubiquitous technologies
517,Jazmin,Ovenden,jovendenec@fotki.com,Female,65.178.247.43,PT,recontextualize leading-edge e-business
518,Layney,Tregea,ltregeaed@comcast.net,Female,6.68.104.41,PT,incubate efficient ROI
519,Benito,Girardot,bgirardotee@auda.org.au,Male,193.72.125.62,MY,empower enterprise e-tailers
520,Casar,Hearty,cheartyef@google.fr,Male,90.42.73.67,PT,visualize best-of-breed action-items
521,Alejoa,Bonhan,abonhaneg@bandcamp.com,Male,198.60.8.38,MN,extend granular experiences
522,Collen,Pauler,cpaulereh@pinterest.com,Female,236.61.253.80,CN,architect one-to-one partnerships
523,Mohandis,Cudde,mcuddeei@etsy.com,Male,76.29.81.1,ID,mesh out-of-the-box markets
524,Ephraim,Rendell,erendellej@cbc.ca,Male,242.124.183.10,CN,redefine vertical deliverables
525,Rorie,Trimbey,rtrimbeyek@devhub.com,Female,237.61.169.77,ID,leverage best-of-breed methodologies
526,Roman,Slinger,rslingerel@wired.com,Male,208.122.56.110,PL,orchestrate revolutionary portals
527,Mira,Fleet,mfleetem@hexun.com,Female,154.103.162.19,PL,enable open-source niches
528,Gale,Penwright,gpenwrighten@google.es,Male,223.0.159.42,HR,revolutionize bleeding-edge vortals
529,Lynnelle,Giovani,lgiovanieo@adobe.com,Female,91.89.113.1,ID,engage virtual methodologies
530,Sully,Suarez,ssuarezep@nps.gov,Male,47.49.240.97,SY,synthesize rich methodologies
531,Horst,Colliber,hcollibereq@netlog.com,Male,234.155.140.219,PL,whiteboard customized technologies
532,Ralph,Lowensohn,rlowensohner@who.int,Male,107.122.75.205,CI,grow viral e-commerce
533,Bridgette,Bassingham,bbassinghames@acquirethisname.com,Female,16.76.22.42,CN,grow ubiquitous partnerships
534,Kellby,Birtles,kbirtleset@nasa.gov,Male,139.87.222.245,FR,innovate efficient functionalities
535,Kincaid,Hammerson,khammersoneu@bbc.co.uk,Male,91.86.147.97,PK,deploy enterprise systems
536,Ricardo,Chawner,rchawnerev@mozilla.org,Male,233.244.228.116,CN,implement distributed models
537,Carola,Boays,cboaysew@symantec.com,Female,173.146.225.3,MU,implement killer infrastructures
538,Leoine,Charlon,lcharlonex@usnews.com,Female,0.162.141.79,ID,visualize robust communities
539,Edvard,Mc Menamin,emcmenaminey@geocities.com,Male,121.37.208.200,CN,maximize killer initiatives
540,Hersh,Tebboth,htebbothez@usatoday.com,Male,131.34.117.199,HN,envisioneer extensible initiatives
541,Sherrie,Duffyn,sduffynf0@cam.ac.uk,Female,184.161.34.230,ID,exploit customized networks
542,Josepha,Leer,jleerf1@msn.com,Female,81.0.28.93,ID,grow innovative infomediaries
543,Hercules,Rowbottom,hrowbottomf2@alexa.com,Male,40.194.175.101,PH,matrix interactive content
544,Alexander,Tuppeny,atuppenyf3@springer.com,Male,193.124.41.211,AZ,facilitate impactful content
545,Rakel,Carlozzi,rcarlozzif4@epa.gov,Female,95.198.253.234,CL,strategize value-added infrastructures
546,Gorden,O'Shaughnessy,goshaughnessyf5@squarespace.com,Male,11.176.172.193,ID,enable bleeding-edge solutions
547,Frederik,Stolting,fstoltingf6@wikia.com,Male,95.92.188.88,FR,matrix dot-com metrics
548,Mike,Hoopper,mhoopperf7@angelfire.com,Male,73.187.246.187,MT,harness B2C functionalities
549,Loren,Padmore,lpadmoref8@soundcloud.com,Female,249.159.213.81,EC,mesh compelling e-markets
550,Halley,Thorlby,hthorlbyf9@simplemachines.org,Female,96.112.224.43,PL,morph ubiquitous web-readiness
551,Danyette,Latore,dlatorefa@parallels.com,Female,228.237.41.231,ID,aggregate turn-key architectures
552,Delila,Duckitt,dduckittfb@marketwatch.com,Female,70.224.210.30,UA,streamline sticky technologies
553,Robby,Roof,rrooffc@yolasite.com,Male,164.7.3.178,BY,expedite real-time supply-chains
554,Calli,Pairpoint,cpairpointfd@symantec.com,Female,161.42.44.237,JP,morph rich experiences
555,Wilfred,Kopje,wkopjefe@vkontakte.ru,Male,233.203.89.99,ZA,utilize sticky portals
556,Alfons,Eveque,aevequeff@salon.com,Male,121.171.234.98,HR,streamline visionary web services
557,Renard,Dybell,rdybellfg@cdbaby.com,Male,33.161.114.224,VN,drive seamless infomediaries
558,Robinetta,Canland,rcanlandfh@artisteer.com,Female,248.212.138.99,HR,exploit B2C users
559,Harley,Beneix,hbeneixfi@bluehost.com,Female,6.120.105.165,PT,implement revolutionary bandwidth
560,Dev,Scothron,dscothronfj@vk.com,Male,57.92.164.99,CZ,visualize visionary niches
561,Sanderson,Abelson,sabelsonfk@php.net,Male,71.187.60.209,CN,exploit sexy e-markets
562,Rea,Huckerby,rhuckerbyfl@huffingtonpost.com,Female,160.187.119.78,PL,exploit customized networks
563,Kiele,McDyer,kmcdyerfm@ow.ly,Female,7.221.236.114,MG,enable proactive metrics
564,Hermie,McKeney,hmckeneyfn@vinaora.com,Male,14.247.50.75,SE,facilitate turn-key web-readiness
565,Freddie,Kingaby,fkingabyfo@newyorker.com,Male,30.241.153.173,NO,innovate synergistic content
566,Sindee,Copo,scopofp@businesswire.com,Female,238.222.57.173,CN,visualize robust deliverables
567,Ilyssa,Wawer,iwawerfq@google.cn,Female,150.162.91.160,BR,evolve global experiences
568,Sergeant,Aspinall,saspinallfr@goo.ne.jp,Male,233.58.94.75,PA,facilitate sticky schemas
569,Genvieve,Althorpe,galthorpefs@shinystat.com,Female,57.186.131.131,JP,matrix efficient functionalities
570,Lorraine,Minero,lmineroft@scientificamerican.com,Female,155.152.9.216,PT,whiteboard collaborative systems
571,Inga,Befroy,ibefroyfu@printfriendly.com,Female,149.69.220.162,SE,harness turn-key niches
572,Adelheid,Timby,atimbyfv@guardian.co.uk,Female,246.89.158.75,ID,revolutionize magnetic eyeballs
573,Janeczka,Shemmans,jshemmansfw@marriott.com,Female,12.91.181.99,CN,drive sexy synergies
574,Gregoire,Francescoccio,gfrancescocciofx@ow.ly,Male,57.85.25.189,CZ,facilitate dot-com networks
575,Jazmin,Bossel,jbosselfy@netlog.com,Female,60.155.4.105,CZ,incentivize integrated relationships
576,Alexander,Drewery,adreweryfz@google.ca,Male,72.39.198.7,EC,maximize bleeding-edge systems
577,Querida,Filyaev,qfilyaevg0@bizjournals.com,Female,36.141.78.85,PL,facilitate transparent deliverables
578,Audry,Quade,aquadeg1@eventbrite.com,Female,171.207.90.86,ID,innovate extensible models
579,Red,Fairbeard,rfairbeardg2@ox.ac.uk,Male,32.239.45.26,ID,morph world-class deliverables
580,Nata,Cottage,ncottageg3@amazon.de,Female,56.168.167.11,BR,redefine B2C bandwidth
581,Bartlett,Leishman,bleishmang4@bbb.org,Male,152.44.71.146,LY,enable proactive e-services
582,Heall,de Lloyd,hdelloydg5@nydailynews.com,Male,237.188.65.19,MH,target interactive users
583,Maynord,Tremonte,mtremonteg6@wikipedia.org,Male,40.160.57.158,RU,embrace integrated functionalities
584,Gusty,Frye,gfryeg7@altervista.org,Female,141.173.242.53,LV,grow cross-media e-business
585,Silvanus,de Marco,sdemarcog8@cpanel.net,Male,8.146.30.31,BF,whiteboard bricks-and-clicks functionalities
586,Kelly,Montfort,kmontfortg9@macromedia.com,Female,238.126.206.131,ID,embrace distributed supply-chains
587,Willetta,Lammie,wlammiega@intel.com,Female,195.217.59.5,ID,maximize strategic web-readiness
588,Davy,Dionisio,ddionisiogb@blogspot.com,Male,12.150.36.5,TH,enhance world-class e-services
589,Silvana,Stockdale,sstockdalegc@purevolume.com,Female,245.232.134.80,SE,architect scalable e-markets
590,Allx,Lefeuvre,alefeuvregd@ihg.com,Female,183.144.186.227,FR,maximize B2B channels
591,Adena,Brandle,abrandlege@ow.ly,Female,228.103.19.2,US,incentivize frictionless action-items
592,Fredelia,Pummell,fpummellgf@vinaora.com,Female,114.30.102.47,ES,architect 24/7 action-items
593,Dougy,Rulf,drulfgg@paypal.com,Male,178.119.27.65,PH,syndicate e-business methodologies
594,Paulita,Victor,pvictorgh@jalbum.net,Female,205.61.31.60,CN,incentivize visionary applications
595,Chiquia,Nuemann,cnuemanngi@people.com.cn,Female,145.40.2.107,SE,grow clicks-and-mortar experiences
596,Meris,Lydall,mlydallgj@aboutads.info,Female,106.219.255.230,ID,revolutionize best-of-breed users
597,Andy,Inkles,ainklesgk@trellian.com,Male,74.50.186.130,ID,optimize ubiquitous relationships
598,Izaak,Shave,ishavegl@ebay.co.uk,Male,171.91.33.163,SL,reintermediate innovative channels
599,Joscelin,Cianelli,jcianelligm@histats.com,Female,61.95.196.116,PT,maximize world-class models
600,Reed,Minkin,rminkingn@facebook.com,Male,214.160.52.39,ID,scale cutting-edge relationships
601,Stinky,Kuhlen,skuhlengo@va.gov,Male,52.188.229.43,UA,architect rich action-items
602,Skippie,Ganniclifft,sganniclifftgp@theatlantic.com,Male,88.138.43.214,VN,exploit global supply-chains
603,Alberto,McKeran,amckerangq@state.tx.us,Male,65.129.232.9,ID,engineer magnetic applications
604,Cletus,Woolford,cwoolfordgr@boston.com,Male,12.143.40.46,LU,generate B2B applications
605,Arnuad,Shirlaw,ashirlawgs@usgs.gov,Male,215.51.147.13,BR,enable synergistic eyeballs
606,Vasili,Powis,vpowisgt@github.com,Male,47.157.138.212,CN,exploit wireless niches
607,Licha,Elderkin,lelderkingu@discovery.com,Female,226.30.209.8,CL,whiteboard one-to-one convergence
608,Wolfie,West-Frimley,wwestfrimleygv@auda.org.au,Male,177.178.4.10,ID,empower intuitive web-readiness
609,Magdalena,Seligson,mseligsongw@quantcast.com,Female,127.24.248.104,RU,reinvent dot-com portals
610,Glenda,Pastor,gpastorgx@apache.org,Female,189.206.23.207,BA,utilize real-time platforms
611,Angelle,Billson,abillsongy@state.tx.us,Female,231.239.97.85,BR,reinvent cross-platform solutions
612,Lexy,Bleeze,lbleezegz@paypal.com,Female,199.211.123.192,AR,generate innovative channels
613,Brooke,D'Emanuele,bdemanueleh0@tmall.com,Female,81.146.238.129,SE,morph back-end paradigms
614,Karleen,Kellog,kkellogh1@unicef.org,Female,225.71.102.36,ID,synergize rich experiences
615,Sean,Jako,sjakoh2@networkadvertising.org,Male,6.151.164.217,PT,brand out-of-the-box paradigms
616,Lexine,Tattershall,ltattershallh3@macromedia.com,Female,163.152.26.171,EG,repurpose extensible metrics
617,Chan,Koschke,ckoschkeh4@eepurl.com,Male,37.154.162.212,CN,reintermediate cross-media infomediaries
618,Hillard,Petrovsky,hpetrovskyh5@t-online.de,Male,225.195.47.168,SE,facilitate robust deliverables
619,Christophe,Brosch,cbroschh6@surveymonkey.com,Male,117.235.236.17,SY,engineer front-end bandwidth
620,Nev,Aldrich,naldrichh7@webeden.co.uk,Male,42.117.40.102,CN,utilize integrated channels
621,Demetrius,Gotmann,dgotmannh8@booking.com,Male,213.217.195.126,PA,envisioneer open-source vortals
622,Janelle,Bax,jbaxh9@state.tx.us,Female,99.220.208.161,RU,drive visionary supply-chains
623,Sigismund,Dybald,sdybaldha@berkeley.edu,Male,48.107.17.24,PH,integrate bleeding-edge web services
624,Roi,Harriagn,rharriagnhb@ted.com,Male,193.12.109.171,PL,repurpose sticky e-commerce
625,Caprice,Markson,cmarksonhc@xing.com,Female,136.76.148.42,MN,repurpose value-added e-markets
626,Finn,Troy,ftroyhd@de.vu,Male,61.135.85.170,CN,orchestrate sexy ROI
627,Krishnah,Rubinovitch,krubinovitchhe@state.gov,Male,100.244.90.222,ID,evolve best-of-breed functionalities
628,Lisette,Gillan,lgillanhf@tmall.com,Female,185.218.94.132,RU,revolutionize killer e-markets
629,Bert,Iddens,biddenshg@home.pl,Male,10.29.24.40,CN,engage enterprise experiences
630,Frazier,Feldbau,ffeldbauhh@merriam-webster.com,Male,178.41.28.153,HR,extend cross-media deliverables
631,Jenine,Burmaster,jburmasterhi@bing.com,Female,93.57.207.243,YE,streamline seamless niches
632,Redford,Dowzell,rdowzellhj@unblog.fr,Male,128.96.61.2,FR,aggregate killer convergence
633,Eric,Proschke,eproschkehk@ow.ly,Male,216.229.172.216,CN,reinvent compelling markets
634,Emeline,Greguol,egreguolhl@chicagotribune.com,Female,75.173.97.135,HR,innovate one-to-one infomediaries
635,Florence,Goodlife,fgoodlifehm@mtv.com,Female,42.28.109.20,CA,visualize cross-media portals
636,Seka,Reid,sreidhn@hostgator.com,Female,53.183.96.234,CN,engage cross-media channels
637,Janenna,Helstrip,jhelstripho@imdb.com,Female,88.76.142.224,MK,leverage user-centric infomediaries
638,Shae,Sollner,ssollnerhp@dell.com,Female,111.41.190.116,CN,exploit collaborative action-items
639,Jo,Allcott,jallcotthq@linkedin.com,Female,27.71.66.209,CN,implement cutting-edge metrics
640,Althea,Cowans,acowanshr@shop-pro.jp,Female,142.152.63.18,CA,matrix extensible action-items
641,Forster,Jupp,fjupphs@typepad.com,Male,184.105.154.159,ZA,mesh clicks-and-mortar metrics
642,Cher,Royall,croyallht@forbes.com,Female,72.169.181.183,MD,target e-business e-business
643,Dillon,Hourihane,dhourihanehu@google.ru,Male,22.51.21.112,PE,innovate viral mindshare
644,Zollie,Durram,zdurramhv@trellian.com,Male,253.124.177.219,VE,visualize real-time supply-chains
645,Dianemarie,Piggens,dpiggenshw@jimdo.com,Female,113.230.216.43,ID,facilitate dynamic schemas
646,Sim,Salandino,ssalandinohx@abc.net.au,Male,202.200.69.227,ID,enable efficient systems
647,Norri,Dilawey,ndilaweyhy@amazon.co.uk,Female,50.151.63.29,AR,leverage intuitive paradigms
648,Carie,Tarrier,ctarrierhz@unesco.org,Female,38.55.145.40,FR,redefine wireless solutions
649,Haskel,Dalgarnocht,hdalgarnochti0@mozilla.org,Male,64.75.78.75,RU,evolve ubiquitous solutions
650,Northrup,Huddy,nhuddyi1@bbb.org,Male,182.192.236.144,ID,transition e-business e-markets
651,Davidde,Mattisssen,dmattissseni2@uiuc.edu,Male,175.102.218.239,PL,disintermediate 24/365 models
652,Ronny,Itzcak,ritzcaki3@networksolutions.com,Female,26.144.169.136,ID,streamline magnetic metrics
653,Karylin,Rowlands,krowlandsi4@xrea.com,Female,88.189.215.244,ID,incentivize revolutionary communities
654,Felice,Hurd,fhurdi5@who.int,Male,121.208.39.66,JP,synthesize frictionless content
655,Lina,Tillard,ltillardi6@deviantart.com,Female,255.230.28.137,CN,monetize clicks-and-mortar eyeballs
656,Noble,d' Elboux,ndelbouxi7@techcrunch.com,Male,102.100.50.191,FR,evolve compelling content
657,Jonie,Jessup,jjessupi8@twitter.com,Female,99.174.121.251,ID,redefine seamless markets
658,Brose,Glaserman,bglasermani9@whitehouse.gov,Male,25.167.135.153,CN,optimize extensible architectures
659,Fred,Sweetzer,fsweetzeria@lycos.com,Female,20.165.172.106,ID,embrace synergistic architectures
660,Sherwynd,Wattam,swattamib@livejournal.com,Male,27.73.235.214,CN,expedite 24/365 models
661,Modestia,Suttell,msuttellic@fema.gov,Female,43.193.51.144,PH,transition best-of-breed relationships
662,Meredeth,Endle,mendleid@sphinn.com,Male,116.249.117.81,NO,transition strategic experiences
663,Masha,Haresnape,mharesnapeie@dagondesign.com,Female,96.61.199.191,CN,unleash proactive applications
664,Donnie,Blues,dbluesif@vk.com,Male,152.226.121.109,NG,incubate granular solutions
665,Geordie,Vivian,gvivianig@irs.gov,Male,55.148.13.112,RU,recontextualize magnetic communities
666,Lynelle,Geraldo,lgeraldoih@archive.org,Female,61.68.13.125,CN,monetize killer paradigms
667,Alejandro,Dunbleton,adunbletonii@mail.ru,Male,69.217.6.109,US,unleash front-end ROI
668,Dacy,Fairholm,dfairholmij@biglobe.ne.jp,Female,107.249.167.191,ZA,innovate dot-com vortals
669,Nolly,German,ngermanik@admin.ch,Male,225.35.114.89,FR,incubate dot-com web-readiness
670,Rosmunda,Sworn,rswornil@edublogs.org,Female,111.240.191.233,ID,synergize killer models
671,Wallis,Setch,wsetchim@squarespace.com,Female,71.213.246.52,CN,incubate vertical ROI
672,Ginni,De la Yglesia,gdelayglesiain@mail.ru,Female,24.70.12.54,US,scale web-enabled architectures
673,Viviyan,Monkley,vmonkleyio@paypal.com,Female,32.190.29.237,BR,drive value-added models
674,Durward,Hume,dhumeip@sun.com,Male,204.219.108.153,BD,synergize viral mindshare
675,Dorree,Breslin,dbresliniq@archive.org,Female,69.195.53.117,PT,benchmark revolutionary paradigms
676,Kit,McCathy,kmccathyir@qq.com,Male,233.156.185.111,UA,strategize impactful eyeballs
677,Jackquelin,Hurley,jhurleyis@dot.gov,Female,153.166.206.60,SZ,maximize out-of-the-box technologies
678,Karlik,Naptin,knaptinit@yelp.com,Male,34.11.0.201,RU,cultivate interactive infomediaries
679,Tobias,Womersley,twomersleyiu@a8.net,Male,103.14.140.216,SY,engage strategic initiatives
680,Padget,De-Ville,pdevilleiv@booking.com,Male,122.116.93.197,ID,matrix transparent experiences
681,Belle,Goundsy,bgoundsyiw@yelp.com,Female,56.220.245.82,TH,cultivate scalable vortals
682,Allx,Shwenn,ashwennix@vkontakte.ru,Female,4.54.49.123,ID,strategize viral methodologies
683,Erin,Knightsbridge,eknightsbridgeiy@tiny.cc,Male,79.20.188.115,MN,incentivize synergistic mindshare
684,Tove,Stedell,tstedelliz@globo.com,Female,121.190.115.44,BR,integrate impactful metrics
685,Stevana,Ibbetson,sibbetsonj0@earthlink.net,Female,111.202.126.146,BR,matrix plug-and-play platforms
686,Armando,Willisch,awillischj1@360.cn,Male,108.79.219.71,TH,syndicate end-to-end convergence
687,Perceval,Latore,platorej2@barnesandnoble.com,Male,154.184.139.67,UA,mesh front-end partnerships
688,Bran,Frankes,bfrankesj3@home.pl,Male,206.147.228.89,CN,matrix bleeding-edge paradigms
689,Delaney,Godsafe,dgodsafej4@seattletimes.com,Male,130.193.117.18,GR,facilitate proactive content
690,Dani,Curuclis,dcuruclisj5@altervista.org,Male,213.93.167.141,PT,exploit holistic solutions
691,Ashlie,Lusgdin,alusgdinj6@ted.com,Female,134.102.177.191,RU,grow impactful relationships
692,Lutero,Weigh,lweighj7@dropbox.com,Male,190.49.230.226,ID,drive strategic technologies
693,Melva,Michieli,mmichielij8@google.de,Female,240.208.170.88,SE,productize compelling solutions
694,Thorstein,todor,ttodorj9@addtoany.com,Male,31.157.114.92,BD,empower leading-edge methodologies
695,Nerta,Lody,nlodyja@nhs.uk,Female,126.59.46.106,KP,transform web-enabled users
696,Kaylil,Bowie,kbowiejb@wufoo.com,Female,80.151.131.140,CN,incubate bleeding-edge infrastructures
697,Zoe,Fitzsimmons,zfitzsimmonsjc@ca.gov,Female,34.52.46.164,MK,engage out-of-the-box bandwidth
698,Betsey,Eynald,beynaldjd@ftc.gov,Female,45.5.158.105,ID,extend rich models
699,Idalia,Rubinfeld,irubinfeldje@un.org,Female,122.15.248.19,PH,synergize real-time e-business
700,Christan,Jinda,cjindajf@facebook.com,Female,115.93.33.0,ET,embrace impactful synergies
701,Sherline,Erswell,serswelljg@washingtonpost.com,Female,61.209.176.252,AF,engineer viral convergence
702,Rustie,Theriot,rtheriotjh@samsung.com,Male,22.44.70.207,ID,innovate killer experiences
703,Keeley,Andell,kandellji@vimeo.com,Female,165.191.104.26,PH,synergize seamless systems
704,Westleigh,Fadell,wfadelljj@salon.com,Male,250.220.27.128,SE,benchmark synergistic technologies
705,Odella,Charker,ocharkerjk@constantcontact.com,Female,206.180.58.63,IR,visualize enterprise methodologies
706,Lydie,Ryder,lryderjl@odnoklassniki.ru,Female,186.129.172.231,PT,empower wireless web services
707,Harv,Vern,hvernjm@prlog.org,Male,47.76.10.118,FR,cultivate synergistic methodologies
708,Jana,Deinert,jdeinertjn@friendfeed.com,Female,223.61.133.23,FO,benchmark vertical niches
709,Bogey,Rey,breyjo@wikia.com,Male,194.10.228.190,CN,envisioneer synergistic action-items
710,Annie,Cannam,acannamjp@wsj.com,Female,24.246.39.155,MY,transform intuitive partnerships
711,Holden,Durden,hdurdenjq@storify.com,Male,98.110.136.129,SE,facilitate open-source methodologies
712,Erda,Antoons,eantoonsjr@wikipedia.org,Female,118.13.47.141,GR,whiteboard scalable web services
713,Jasmina,Vigors,jvigorsjs@webs.com,Female,5.227.148.9,ID,embrace e-business e-commerce
714,Tressa,Hindrich,thindrichjt@amazonaws.com,Female,251.203.42.46,US,unleash revolutionary content
715,Fayth,Spadelli,fspadelliju@globo.com,Female,40.222.82.241,KZ,streamline front-end metrics
716,Maureene,Featherstonhaugh,mfeatherstonhaughjv@ft.com,Female,239.228.100.238,VC,whiteboard e-business markets
717,Karole,Vials,kvialsjw@behance.net,Female,205.106.164.47,ID,drive efficient interfaces
718,Farlee,Palatino,fpalatinojx@adobe.com,Male,40.121.185.55,PT,leverage cutting-edge mindshare
719,Gerick,Wollacott,gwollacottjy@amazon.co.uk,Male,152.152.154.105,AR,generate web-enabled communities
720,Durward,Fosberry,dfosberryjz@tuttocitta.it,Male,46.152.99.91,FR,revolutionize efficient schemas
721,Malvina,Karpenko,mkarpenkok0@usatoday.com,Female,47.174.85.37,PE,harness seamless schemas
722,Pearline,Hansbury,phansburyk1@prnewswire.com,Female,97.197.41.100,CN,incubate holistic markets
723,Willie,Duck,wduckk2@xrea.com,Female,133.255.81.71,CN,cultivate virtual paradigms
724,Tedda,Onthank,tonthankk3@google.ru,Female,34.175.35.189,CZ,incubate clicks-and-mortar deliverables
725,Claudianus,Ellor,cellork4@boston.com,Male,88.204.74.216,TH,repurpose vertical paradigms
726,Rutter,Teather,rteatherk5@123-reg.co.uk,Male,34.146.238.151,BR,brand world-class methodologies
727,Glenn,Roscamp,groscampk6@mashable.com,Female,195.212.45.235,CN,reintermediate plug-and-play e-services
728,Adda,Lanfer,alanferk7@gizmodo.com,Female,28.176.26.9,VN,engineer next-generation synergies
729,Robinia,Titley,rtitleyk8@irs.gov,Female,14.5.88.236,PH,transform open-source interfaces
730,Alejandra,McGirr,amcgirrk9@go.com,Female,96.120.92.51,PH,syndicate 24/365 models
731,Trudie,Farndell,tfarndellka@woothemes.com,Female,222.107.225.174,ID,visualize ubiquitous web-readiness
732,Corena,Lawrenceson,clawrencesonkb@un.org,Female,243.6.141.113,NG,drive strategic experiences
733,Josefina,Oertzen,joertzenkc@360.cn,Female,234.160.57.134,RU,revolutionize clicks-and-mortar functionalities
734,Korry,Sim,ksimkd@shutterfly.com,Female,250.104.83.19,UZ,utilize clicks-and-mortar metrics
735,Tansy,Haton,thatonke@ezinearticles.com,Female,42.230.228.23,RU,grow value-added web services
736,Nydia,Crosscombe,ncrosscombekf@facebook.com,Female,38.157.138.252,HN,productize leading-edge web-readiness
737,Jaynell,Kembry,jkembrykg@arizona.edu,Female,211.139.244.65,TZ,mesh compelling infomediaries
738,Nikolaos,Beagrie,nbeagriekh@eepurl.com,Male,249.116.220.19,SE,aggregate virtual vortals
739,Elisabet,MacElholm,emacelholmki@cloudflare.com,Female,48.29.57.74,CN,disintermediate granular eyeballs
740,Vinny,Threadgold,vthreadgoldkj@whitehouse.gov,Female,64.64.148.36,CN,engineer killer supply-chains
741,Kori,Airdrie,kairdriekk@comcast.net,Female,116.86.121.237,AO,benchmark viral experiences
742,Ynes,O'Feeny,yofeenykl@businessweek.com,Female,228.103.70.67,IR,utilize next-generation deliverables
743,Bea,Bertelmot,bbertelmotkm@psu.edu,Female,23.32.131.146,MY,drive rich applications
744,Cody,Brands,cbrandskn@pinterest.com,Female,47.55.214.165,UG,enable 24/365 deliverables
745,Joell,Tuke,jtukeko@homestead.com,Female,128.20.65.58,UA,synthesize back-end systems
746,Reidar,Pechacek,rpechacekkp@msn.com,Male,229.127.17.202,SE,monetize mission-critical metrics
747,Nanny,Pouton,npoutonkq@illinois.edu,Female,47.139.134.87,PE,evolve next-generation solutions
748,Loralee,Prium,lpriumkr@chron.com,Female,184.177.65.144,CN,disintermediate user-centric channels
749,Virgina,Nelm,vnelmks@imgur.com,Female,223.11.251.184,AF,iterate back-end models
750,Sigvard,Gullifant,sgullifantkt@liveinternet.ru,Male,122.59.103.73,BR,productize frictionless synergies
751,Anselma,Delooze,adeloozeku@fema.gov,Female,13.133.31.151,ID,seize ubiquitous solutions
752,Gael,Tavener,gtavenerkv@amazon.co.uk,Female,43.106.251.239,PL,reintermediate strategic web services
753,Violet,Eble,veblekw@wp.com,Female,172.47.91.169,AO,extend customized partnerships
754,Lucia,Powderham,lpowderhamkx@hostgator.com,Female,244.120.90.169,SE,utilize viral markets
755,Ivory,Kornyakov,ikornyakovky@china.com.cn,Female,103.105.39.94,AR,productize synergistic e-commerce
756,Ingeberg,Robshaw,irobshawkz@flickr.com,Female,191.109.123.103,IR,implement strategic mindshare
757,Hannie,Abrahamsen,habrahamsenl0@diigo.com,Female,63.107.144.197,RU,syndicate dot-com initiatives
758,Lilli,Givens,lgivensl1@xrea.com,Female,0.22.94.75,RS,matrix bleeding-edge initiatives
759,Brice,Dowry,bdowryl2@ed.gov,Male,170.45.114.169,CN,grow dot-com systems
760,Andee,Stanyard,astanyardl3@china.com.cn,Female,125.203.184.112,KE,whiteboard strategic bandwidth
761,Thacher,Fenna,tfennal4@webeden.co.uk,Male,75.241.216.22,ID,unleash one-to-one web services
762,Franzen,Foran,fforanl5@free.fr,Male,104.16.83.10,PE,mesh 24/365 e-markets
763,Kristine,Horsefield,khorsefieldl6@springer.com,Female,230.96.135.190,CN,incentivize cross-media portals
764,Felic,Whitaker,fwhitakerl7@hc360.com,Male,16.38.184.120,ID,facilitate wireless e-business
765,Mark,Metzel,mmetzell8@geocities.com,Male,214.102.8.19,CN,matrix impactful systems
766,Joanne,Pairpoint,jpairpointl9@house.gov,Female,28.196.18.3,ID,incubate ubiquitous technologies
767,Gwenora,Emerton,gemertonla@yolasite.com,Female,15.136.27.217,CN,innovate B2C interfaces
768,Erena,Petheridge,epetheridgelb@latimes.com,Female,62.74.19.6,HN,envisioneer rich niches
769,Kai,Nancekivell,knancekivelllc@ed.gov,Female,236.121.55.4,SE,recontextualize world-class infrastructures
770,Ida,Barroux,ibarrouxld@nasa.gov,Female,245.212.104.32,CN,exploit efficient e-markets
771,Charmane,Beacock,cbeacockle@desdev.cn,Female,166.205.238.118,OM,leverage viral platforms
772,Gregoire,Snashall,gsnashalllf@reverbnation.com,Male,234.182.61.88,AR,iterate next-generation infrastructures
773,Rebekkah,Digance,rdigancelg@addtoany.com,Female,75.252.44.222,PH,synergize granular metrics
774,Cherilyn,Braddock,cbraddocklh@ebay.com,Female,56.102.108.89,CN,synergize efficient models
775,Arel,Mowbray,amowbrayli@macromedia.com,Male,114.136.57.0,PL,embrace strategic content
776,Herrick,Blankman,hblankmanlj@un.org,Male,166.112.53.248,PT,target 24/7 models
777,Millie,Littledike,mlittledikelk@addtoany.com,Female,131.45.15.154,CN,optimize extensible channels
778,Alla,Crickett,acrickettll@hud.gov,Female,222.40.106.214,VE,monetize virtual metrics
779,Lorene,Steers,lsteerslm@wix.com,Female,87.3.132.236,ID,embrace robust solutions
780,Nilson,Normington,nnormingtonln@g.co,Male,26.115.63.232,FR,engineer cross-media e-business
781,Marcus,Yude,myudelo@toplist.cz,Male,170.233.137.165,FR,e-enable wireless relationships
782,Kendrick,O'Kennedy,kokennedylp@twitpic.com,Male,237.44.4.1,PT,architect rich convergence
783,Lurlene,O'Cahill,locahilllq@nps.gov,Female,214.68.85.197,UA,empower user-centric e-tailers
784,Cory,Fancourt,cfancourtlr@apache.org,Female,224.174.54.22,PS,utilize compelling e-commerce
785,Iain,Giacomuzzi,igiacomuzzils@techcrunch.com,Male,71.159.244.35,ID,deliver rich e-services
786,Caril,Ferraretto,cferrarettolt@ucsd.edu,Female,185.82.10.147,FI,expedite next-generation networks
787,Hayden,Hubberstey,hhubbersteylu@tumblr.com,Male,79.246.223.234,FR,transition rich systems
788,Franciskus,Byforth,fbyforthlv@yahoo.com,Male,1.198.170.186,JP,facilitate robust e-markets
789,Ezri,Bartkowiak,ebartkowiaklw@squarespace.com,Male,22.119.69.150,PT,innovate frictionless paradigms
790,Gennie,Milan,gmilanlx@newyorker.com,Female,149.222.190.30,CR,evolve clicks-and-mortar ROI
791,Welch,Ballintime,wballintimely@slashdot.org,Male,57.100.67.176,RS,deliver e-business channels
792,Cesare,Kirtland,ckirtlandlz@time.com,Male,235.70.253.211,PH,implement cross-media architectures
793,Husein,Ault,haultm0@4shared.com,Male,93.166.22.200,PH,embrace one-to-one channels
794,Chrysler,Scoles,cscolesm1@redcross.org,Female,45.9.88.244,ID,revolutionize compelling content
795,Annetta,Getsham,agetshamm2@mac.com,Female,150.8.245.163,BS,grow interactive action-items
796,Wyndham,Blore,wblorem3@canalblog.com,Male,41.1.202.155,PL,seize virtual bandwidth
797,Karel,Grzelewski,kgrzelewskim4@hibu.com,Male,253.105.121.116,MH,unleash turn-key solutions
798,Hewie,Sturte,hsturtem5@webnode.com,Male,12.159.163.188,CN,embrace transparent eyeballs
799,Ingaberg,Matushenko,imatushenkom6@goo.gl,Female,61.20.113.3,CN,deliver B2B markets
800,Flori,Neillans,fneillansm7@mysql.com,Female,49.242.187.202,RU,embrace B2B partnerships
801,Rubie,Bernardino,rbernardinom8@hubpages.com,Female,179.204.208.212,KH,harness next-generation action-items
802,Dun,Mechem,dmechemm9@wordpress.org,Male,128.212.169.240,CN,optimize wireless partnerships
803,Annelise,Dulen,adulenma@plala.or.jp,Female,156.235.240.239,CN,brand seamless mindshare
804,Shanon,Jewkes,sjewkesmb@hatena.ne.jp,Female,96.36.106.93,RU,extend dot-com initiatives
805,Tabbi,Arger,targermc@feedburner.com,Female,43.211.61.207,NG,strategize vertical e-services
806,Ritchie,Mewburn,rmewburnmd@addtoany.com,Male,44.33.109.90,CN,incentivize enterprise web services
807,Nahum,Goode,ngoodeme@weebly.com,Male,241.30.70.185,PH,transition virtual relationships
808,Shelbi,Thorold,sthoroldmf@alibaba.com,Female,210.166.19.17,FR,transition dynamic eyeballs
809,Jimmy,Blacklawe,jblacklawemg@nymag.com,Male,16.251.113.111,RU,aggregate cutting-edge supply-chains
810,Celeste,Dyet,cdyetmh@devhub.com,Female,15.187.84.207,RS,enhance transparent web-readiness
811,Agata,Porkiss,aporkissmi@tuttocitta.it,Female,158.185.39.243,ES,unleash holistic initiatives
812,Marlena,Gauler,mgaulermj@amazon.co.uk,Female,204.6.253.56,AF,enhance revolutionary e-services
813,Fredek,Hanney,fhanneymk@livejournal.com,Male,214.211.252.151,CN,scale vertical channels
814,Gwyneth,Batt,gbattml@naver.com,Female,200.184.142.6,ID,e-enable frictionless action-items
815,Elaina,Slorach,eslorachmm@huffingtonpost.com,Female,249.172.81.59,US,maximize impactful e-services
816,Stirling,Shrimplin,sshrimplinmn@techcrunch.com,Male,53.9.218.52,CN,incubate collaborative markets
817,Ramsey,Chorlton,rchorltonmo@webmd.com,Male,129.3.52.157,YE,repurpose synergistic architectures
818,Tristan,Duhig,tduhigmp@hhs.gov,Male,190.198.169.55,MA,brand plug-and-play portals
819,Godart,Benny,gbennymq@reuters.com,Male,40.16.196.1,PT,embrace out-of-the-box functionalities
820,Lynda,Allerton,lallertonmr@ameblo.jp,Female,75.213.194.102,FR,strategize impactful solutions
821,Jessalin,Rojas,jrojasms@unc.edu,Female,4.254.29.241,BR,reintermediate e-business partnerships
822,Cesaro,Fetherston,cfetherstonmt@upenn.edu,Male,187.246.100.49,PH,transform B2C web-readiness
823,Philbert,Robbs,probbsmu@opera.com,Male,184.241.66.164,CN,monetize intuitive technologies
824,Levi,Neill,lneillmv@nationalgeographic.com,Male,20.150.158.42,BR,iterate frictionless niches
825,Kristian,Phetteplace,kphetteplacemw@tamu.edu,Male,228.115.192.196,ID,cultivate back-end e-commerce
826,Paco,De Vile,pdevilemx@wiley.com,Male,47.147.49.69,NL,mesh scalable web services
827,Joann,Scowcroft,jscowcroftmy@archive.org,Female,251.77.60.45,CN,exploit holistic methodologies
828,Etta,Schonfeld,eschonfeldmz@census.gov,Female,190.230.22.188,CN,integrate B2C infrastructures
829,Maxwell,Briance,mbriancen0@paypal.com,Male,178.117.115.209,ID,engage scalable eyeballs
830,Halley,Bilney,hbilneyn1@nymag.com,Female,226.117.141.192,CN,repurpose dynamic models
831,Tremain,Boggon,tboggonn2@latimes.com,Male,211.208.216.29,CN,facilitate strategic niches
832,Noel,Abbatucci,nabbatuccin3@cargocollective.com,Female,177.191.214.126,CN,scale cross-platform methodologies
833,Inness,Totaro,itotaron4@printfriendly.com,Male,62.135.118.66,JP,synergize dynamic partnerships
834,Verile,Ward,vwardn5@cdbaby.com,Female,67.82.215.152,PT,reintermediate proactive markets
835,Renell,Piperley,rpiperleyn6@youku.com,Female,228.138.77.238,BR,drive sticky experiences
836,Elfrieda,Ding,edingn7@indiatimes.com,Female,159.56.8.102,ID,brand synergistic e-commerce
837,Temp,Gladbeck,tgladbeckn8@google.com.br,Male,113.75.167.148,TT,maximize bleeding-edge deliverables
838,Batsheva,Clouston,bcloustonn9@shareasale.com,Female,74.60.106.148,SH,generate vertical e-services
839,Lionel,Kiehnlt,lkiehnltna@oakley.com,Male,142.71.91.17,RU,enhance intuitive models
840,Catherina,Bourdon,cbourdonnb@csmonitor.com,Female,170.67.52.239,AM,deploy B2B synergies
841,Cornelle,Basindale,cbasindalenc@surveymonkey.com,Female,125.185.255.110,AU,incentivize holistic action-items
842,Everett,Mitten,emittennd@360.cn,Male,234.125.65.10,PL,optimize proactive paradigms
843,Buck,Shorto,bshortone@examiner.com,Male,55.169.248.44,CN,implement seamless infrastructures
844,Sinclair,Djorevic,sdjorevicnf@blinklist.com,Male,8.150.78.188,CN,exploit leading-edge ROI
845,Elisa,Coorington,ecooringtonng@cdc.gov,Female,165.206.247.4,CN,incentivize ubiquitous niches
846,Charlotta,Welton,cweltonnh@a8.net,Female,117.166.90.84,PH,matrix turn-key markets
847,Archambault,Orris,aorrisni@ft.com,Male,4.154.249.47,RU,target extensible markets
848,Sarge,Lehrmann,slehrmannnj@nhs.uk,Male,6.194.0.143,HR,monetize user-centric paradigms
849,Edgard,Aubrey,eaubreynk@google.co.jp,Male,80.128.138.154,TD,matrix clicks-and-mortar web-readiness
850,Tessi,Gallimore,tgallimorenl@yale.edu,Female,76.107.154.101,PT,e-enable user-centric e-business
851,Guglielma,Beardwood,gbeardwoodnm@wikipedia.org,Female,113.245.142.173,BR,target killer metrics
852,Eben,Houltham,ehoulthamnn@about.com,Male,57.115.96.244,CN,utilize extensible methodologies
853,Garrett,Rubega,grubegano@mediafire.com,Male,210.116.132.253,XK,scale virtual users
854,Burgess,Henric,bhenricnp@nasa.gov,Male,11.212.137.164,PH,reintermediate value-added mindshare
855,Clarke,Rubel,crubelnq@gizmodo.com,Male,76.40.120.59,KZ,disintermediate dynamic bandwidth
856,Adham,Gostage,agostagenr@umich.edu,Male,97.95.69.121,CN,unleash viral systems
857,Sayer,Baroch,sbarochns@guardian.co.uk,Male,137.198.253.23,CU,iterate cross-media e-services
858,Ossie,Mouton,omoutonnt@java.com,Male,54.46.2.30,RU,deploy bleeding-edge web-readiness
859,Javier,Wheaton,jwheatonnu@homestead.com,Male,28.122.143.55,BY,reintermediate transparent experiences
860,Lennie,Walicki,lwalickinv@mashable.com,Male,49.116.27.162,VE,enable web-enabled infomediaries
861,Valentia,Wallis,vwallisnw@hugedomains.com,Female,173.143.155.161,UA,utilize transparent e-business
862,Virgie,Corke,vcorkenx@ucoz.ru,Female,164.198.186.252,JP,streamline 24/365 paradigms
863,Dyan,Wolfer,dwolferny@oakley.com,Female,136.234.246.251,PL,deploy revolutionary bandwidth
864,Tybie,Mosconi,tmosconinz@nydailynews.com,Female,237.4.33.69,ID,embrace mission-critical systems
865,Sherry,Allett,salletto0@prweb.com,Female,86.14.147.56,PL,optimize viral metrics
866,Viviene,Joskowicz,vjoskowiczo1@fc2.com,Female,64.149.72.121,ID,iterate global web services
867,Stephen,Gawkroge,sgawkrogeo2@bloglovin.com,Male,33.82.228.233,AM,transform value-added convergence
868,Cybil,Draude,cdraudeo3@seesaa.net,Female,103.222.136.62,PH,architect next-generation bandwidth
869,Jodi,Littlefield,jlittlefieldo4@mysql.com,Male,19.41.185.53,AR,grow best-of-breed platforms
870,Buddy,Bilston,bbilstono5@sphinn.com,Male,218.32.117.18,BD,optimize end-to-end schemas
871,Roby,Nayshe,rnaysheo6@qq.com,Female,225.246.40.241,CN,envisioneer viral users
872,Darrel,Burbage,dburbageo7@sciencedirect.com,Male,187.177.122.48,YE,syndicate e-business interfaces
873,Vick,Bayston,vbaystono8@squidoo.com,Male,32.251.183.210,CH,disintermediate 24/7 e-tailers
874,Ned,Trood,ntroodo9@cpanel.net,Male,0.107.249.78,BW,incentivize turn-key platforms
875,Northrop,Artus,nartusoa@smugmug.com,Male,184.114.81.159,PH,incentivize proactive partnerships
876,Papagena,Oherlihy,poherlihyob@youtu.be,Female,205.30.112.107,MN,deliver cross-platform relationships
877,Jan,Demaine,jdemaineoc@addthis.com,Female,6.161.211.106,PL,facilitate extensible mindshare
878,Garrott,Tolchard,gtolchardod@fema.gov,Male,254.196.47.81,PH,facilitate magnetic convergence
879,Thorpe,Shapiro,tshapirooe@oakley.com,Male,126.212.247.33,PH,transition world-class platforms
880,Pepe,Norsister,pnorsisterof@xing.com,Male,61.208.154.35,PH,monetize world-class partnerships
881,Lemmie,Duddell,lduddellog@jiathis.com,Male,201.68.222.214,PT,visualize wireless web services
882,Uri,Loughead,ulougheadoh@ovh.net,Male,22.123.198.108,CZ,embrace 24/7 vortals
883,Nicki,Vinck,nvinckoi@angelfire.com,Female,117.229.171.64,AR,extend strategic supply-chains
884,Janelle,Fernie,jfernieoj@vistaprint.com,Female,197.126.134.19,ID,aggregate end-to-end solutions
885,Hagen,Plester,hplesterok@nhs.uk,Male,24.219.231.57,ID,e-enable open-source systems
886,Ninetta,Shawl,nshawlol@cpanel.net,Female,133.57.189.115,CN,innovate virtual e-business
887,Ody,Sirey,osireyom@unc.edu,Male,119.8.86.55,CN,target interactive models
888,Tomi,Leverage,tleverageon@oracle.com,Female,206.18.90.104,SE,synergize integrated ROI
889,Joachim,Clarke,jclarkeoo@eepurl.com,Male,235.31.156.115,MX,envisioneer cutting-edge e-commerce
890,Michail,Abbe,mabbeop@instagram.com,Male,118.193.102.65,XK,iterate holistic interfaces
891,Cammy,Hayne,chayneoq@zimbio.com,Female,90.139.97.251,CN,exploit seamless web services
892,Kaspar,Mourbey,kmourbeyor@facebook.com,Male,16.110.243.146,PH,incubate rich functionalities
893,Anthe,MacPhee,amacpheeos@shop-pro.jp,Female,128.223.250.90,UA,optimize holistic mindshare
894,Virge,Eastway,veastwayot@123-reg.co.uk,Male,78.181.233.232,RU,scale cross-media users
895,Anthea,Cracoe,acracoeou@tmall.com,Female,80.242.92.117,UA,whiteboard next-generation e-commerce
896,Fawn,Emby,fembyov@cafepress.com,Female,66.190.44.77,CZ,synergize robust infomediaries
897,Neddie,Dytham,ndythamow@github.com,Male,75.54.161.169,MY,innovate efficient methodologies
898,Hercules,Ogilvy,hogilvyox@indiatimes.com,Male,238.184.4.23,EG,envisioneer viral partnerships
899,Hamlin,Brougham,hbroughamoy@barnesandnoble.com,Male,107.193.247.98,AL,incentivize strategic relationships
900,Darbee,Oland,dolandoz@a8.net,Male,6.237.239.26,CU,cultivate leading-edge synergies
901,Cristy,Collibear,ccollibearp0@europa.eu,Female,169.236.139.238,PT,unleash customized ROI
902,Teddi,Gittoes,tgittoesp1@cnn.com,Female,242.69.62.131,PY,enable value-added e-markets
903,Ariel,Scoble,ascoblep2@imdb.com,Male,110.141.16.90,ID,synergize web-enabled markets
904,Clarinda,McDowall,cmcdowallp3@earthlink.net,Female,33.221.162.221,GR,monetize scalable channels
905,Joycelin,Rigglesford,jrigglesfordp4@domainmarket.com,Female,91.32.5.166,PH,enhance e-business e-tailers
906,Electra,Skudder,eskudderp5@intel.com,Female,172.115.177.94,CO,leverage scalable mindshare
907,Angel,Comberbach,acomberbachp6@icq.com,Male,186.235.10.71,NG,enhance interactive web services
908,Haley,Height,hheightp7@so-net.ne.jp,Female,79.59.74.236,ID,productize user-centric partnerships
909,Camel,Hutt,chuttp8@baidu.com,Female,22.227.23.78,ID,mesh turn-key content
910,Kelley,Southerton,ksouthertonp9@jimdo.com,Male,37.254.70.175,AF,generate global e-business
911,Wylma,Sayle,wsaylepa@timesonline.co.uk,Female,251.68.100.65,CN,matrix vertical communities
912,Braden,Lenoir,blenoirpb@uiuc.edu,Male,124.148.251.177,BS,utilize viral channels
913,Fraze,Mandry,fmandrypc@flavors.me,Male,95.130.7.216,AM,envisioneer seamless supply-chains
914,Tiffi,Etock,tetockpd@geocities.jp,Female,184.11.171.172,CN,integrate clicks-and-mortar metrics
915,Granger,Tregensoe,gtregensoepe@ox.ac.uk,Male,230.208.243.167,CN,cultivate viral communities
916,Ray,Sebright,rsebrightpf@omniture.com,Female,89.15.21.137,GT,grow dot-com synergies
917,Tannie,Byart,tbyartpg@hc360.com,Male,84.110.222.103,KG,utilize viral schemas
918,Tomkin,Mungane,tmunganeph@columbia.edu,Male,51.28.242.112,CN,synthesize efficient schemas
919,Sawyer,Muggleston,smugglestonpi@dyndns.org,Male,145.56.194.190,GH,integrate leading-edge e-markets
920,Dorian,Deinhardt,ddeinhardtpj@yellowbook.com,Female,218.232.104.153,ID,grow efficient methodologies
921,Madeleine,Trasler,mtraslerpk@loc.gov,Female,62.161.57.214,PH,iterate enterprise mindshare
922,Schuyler,Choke,schokepl@symantec.com,Male,199.103.148.62,CN,revolutionize proactive channels
923,Stephenie,Frayne,sfraynepm@weibo.com,Female,9.0.56.16,ID,harness enterprise eyeballs
924,Ed,Doret,edoretpn@rakuten.co.jp,Male,198.15.80.169,FR,disintermediate dynamic solutions
925,Trenton,Berringer,tberringerpo@digg.com,Male,232.113.61.243,CN,target mission-critical deliverables
926,Kipp,Lenahan,klenahanpp@ucsd.edu,Female,222.171.29.71,RU,maximize end-to-end mindshare
927,Doti,Juanico,djuanicopq@tinypic.com,Female,173.213.172.196,IQ,transform seamless technologies
928,Geordie,Milverton,gmilvertonpr@princeton.edu,Male,244.158.81.138,GR,empower proactive e-tailers
929,Upton,Coyish,ucoyishps@typepad.com,Male,122.214.247.194,PH,transition revolutionary mindshare
930,Walther,Coon,wcoonpt@cnn.com,Male,99.241.28.190,US,matrix world-class convergence
931,Derrik,Apple,dapplepu@ezinearticles.com,Male,107.111.208.92,JP,benchmark transparent infomediaries
932,Eamon,Cardenoso,ecardenosopv@macromedia.com,Male,220.130.159.108,CN,transform magnetic e-tailers
933,Tiebold,Naerup,tnaeruppw@wikia.com,Male,134.170.47.66,NO,target next-generation action-items
934,Reiko,Betteson,rbettesonpx@foxnews.com,Female,54.74.230.51,CN,redefine wireless portals
935,Binnie,Suggitt,bsuggittpy@elpais.com,Female,121.72.106.10,CA,transform compelling web-readiness
936,Kellen,Bonifant,kbonifantpz@apple.com,Male,85.20.250.186,US,enhance clicks-and-mortar schemas
937,Alexei,Barnewelle,abarnewelleq0@myspace.com,Male,43.100.249.67,RU,enhance enterprise systems
938,Cristina,Nortunen,cnortunenq1@mashable.com,Female,234.165.126.153,ID,matrix distributed channels
939,Linc,Donativo,ldonativoq2@nature.com,Male,65.252.170.149,CN,cultivate next-generation architectures
940,Isador,Frodsam,ifrodsamq3@wikia.com,Male,47.57.232.113,RU,synthesize user-centric paradigms
941,Desiri,Lantiff,dlantiffq4@mapquest.com,Female,18.154.34.190,PH,aggregate intuitive infrastructures
942,Shawn,Gamell,sgamellq5@arstechnica.com,Male,41.102.157.93,RU,exploit 24/7 markets
943,Sansone,Knath,sknathq6@cyberchimps.com,Male,51.81.89.149,ID,leverage vertical partnerships
944,Silvano,Pheby,sphebyq7@patch.com,Male,220.116.73.57,CN,transform sticky experiences
945,Lisle,Rowena,lrowenaq8@va.gov,Male,153.93.206.0,ID,matrix turn-key infrastructures
946,Dru,Greenslade,dgreensladeq9@ucoz.com,Male,207.77.239.142,FR,leverage web-enabled infomediaries
947,Auberon,Woolatt,awoolattqa@xing.com,Male,57.125.34.224,CN,grow killer networks
948,Lennie,Climance,lclimanceqb@sourceforge.net,Male,86.7.203.231,JP,transition end-to-end content
949,Petronilla,Bleakley,pbleakleyqc@harvard.edu,Female,214.237.25.111,CZ,architect distributed bandwidth
950,Humbert,Marikhin,hmarikhinqd@ocn.ne.jp,Male,237.156.226.119,CN,brand compelling synergies
951,Darwin,Lortz,dlortzqe@ezinearticles.com,Male,197.71.12.209,CN,orchestrate synergistic e-business
952,Mariam,Karpinski,mkarpinskiqf@flickr.com,Female,107.206.204.209,RU,incubate efficient infrastructures
953,Margarette,Reddoch,mreddochqg@myspace.com,Female,57.79.208.255,PT,aggregate B2C vortals
954,Megan,Beesley,mbeesleyqh@nytimes.com,Female,32.120.192.206,TH,redefine compelling portals
955,Brigid,Blowen,bblowenqi@sitemeter.com,Female,88.54.110.108,CN,unleash 24/365 mindshare
956,Cyrus,Poutress,cpoutressqj@reddit.com,Male,35.245.80.233,CN,deliver integrated infrastructures
957,Port,Klosser,pklosserqk@nydailynews.com,Male,16.57.31.143,CZ,architect seamless experiences
958,Vail,Siveter,vsiveterql@facebook.com,Male,196.200.108.11,RU,brand one-to-one bandwidth
959,Dusty,Bandy,dbandyqm@chron.com,Female,245.15.199.169,SZ,mesh sticky synergies
960,Saraann,Samsworth,ssamsworthqn@amazon.de,Female,110.192.122.136,CN,redefine holistic solutions
961,Tova,Rucklidge,trucklidgeqo@hud.gov,Female,19.254.63.167,PF,recontextualize plug-and-play communities
962,Prissie,Maddison,pmaddisonqp@ox.ac.uk,Female,227.236.124.53,CN,utilize killer models
963,Zsa zsa,Doy,zdoyqq@creativecommons.org,Female,90.227.254.98,PT,unleash integrated methodologies
964,Langston,Keeler,lkeelerqr@yellowbook.com,Male,137.134.130.88,BR,redefine clicks-and-mortar users
965,Trula,Mitkov,tmitkovqs@icio.us,Female,64.159.32.225,NO,benchmark extensible applications
966,Raffarty,Stanyland,rstanylandqt@paginegialle.it,Male,125.185.17.93,ID,exploit customized technologies
967,Daffie,Slatten,dslattenqu@csmonitor.com,Female,104.241.40.240,SV,orchestrate frictionless initiatives
968,Maryjo,O'Mohun,momohunqv@live.com,Female,125.156.222.51,PT,synergize wireless ROI
969,Terrie,Pashby,tpashbyqw@issuu.com,Female,126.179.237.54,CZ,deliver transparent web-readiness
970,Leo,Myerscough,lmyerscoughqx@multiply.com,Male,36.127.187.230,KP,architect compelling e-business
971,Leonid,Sandever,lsandeverqy@nba.com,Male,251.174.90.235,CN,transition cutting-edge e-markets
972,Samson,Scollick,sscollickqz@addtoany.com,Male,175.143.184.112,GR,enhance seamless paradigms
973,Kay,Gaylard,kgaylardr0@psu.edu,Female,54.145.220.43,ID,maximize bricks-and-clicks technologies
974,Lucinda,Mowat,lmowatr1@china.com.cn,Female,17.188.139.1,ID,integrate seamless users
975,Ethelin,De Castri,edecastrir2@biglobe.ne.jp,Female,8.107.99.73,TH,envisioneer transparent supply-chains
976,Marta,Finker,mfinkerr3@scientificamerican.com,Female,56.71.209.148,CZ,engage transparent web services
977,Aubine,Gerriets,agerrietsr4@fc2.com,Female,193.90.123.49,PH,reinvent bricks-and-clicks platforms
978,Merla,Mattingson,mmattingsonr5@whitehouse.gov,Female,104.234.44.229,ID,recontextualize virtual experiences
979,Addie,Muck,amuckr6@earthlink.net,Female,68.249.133.164,PL,extend viral functionalities
980,Brunhilda,Prout,bproutr7@intel.com,Female,152.154.73.217,CA,repurpose customized communities
981,Abagail,Dellenbach,adellenbachr8@senate.gov,Female,184.117.245.173,AF,exploit granular action-items
982,Fremont,Lanchberry,flanchberryr9@yale.edu,Male,167.36.244.238,PA,disintermediate seamless infrastructures
983,Joella,Dutteridge,jdutteridgera@simplemachines.org,Female,247.22.88.5,MK,iterate transparent schemas
984,Ann,Longo,alongorb@omniture.com,Female,74.46.168.178,CA,drive magnetic e-commerce
985,Bronson,Oldfield-Cherry,boldfieldcherryrc@amazon.com,Male,173.4.243.215,LV,benchmark scalable action-items
986,Gert,Flicker,gflickerrd@elegantthemes.com,Female,79.218.246.144,RU,evolve cross-platform metrics
987,Kele,Breeton,kbreetonre@hubpages.com,Male,68.20.171.37,ID,generate compelling systems
988,Faith,Courtney,fcourtneyrf@mysql.com,Female,110.63.183.38,PL,orchestrate bleeding-edge experiences
989,Darnell,Greener,dgreenerrg@twitter.com,Male,72.143.128.78,PT,enable robust e-services
990,Tucky,Downs,tdownsrh@house.gov,Male,178.240.119.138,ID,optimize B2B initiatives
991,Filide,Baterip,fbateripri@exblog.jp,Female,98.198.44.139,ID,whiteboard 24/7 web-readiness
992,Toiboid,Virgoe,tvirgoerj@bizjournals.com,Male,57.242.233.240,MX,mesh wireless channels
993,Ingeberg,Dargavel,idargavelrk@netlog.com,Female,221.249.5.204,JP,strategize cross-media portals
994,Hermon,Kernar,hkernarrl@xinhuanet.com,Male,214.129.199.183,ID,e-enable vertical paradigms
995,Katee,Piggen,kpiggenrm@imageshack.us,Female,233.32.140.85,PT,revolutionize dynamic mindshare
996,Christabella,Braemer,cbraemerrn@marriott.com,Female,166.121.166.109,SY,mesh value-added portals
997,Nollie,Pavlenko,npavlenkoro@lulu.com,Male,138.240.199.249,PS,transition wireless experiences
998,Candace,Noto,cnotorp@accuweather.com,Female,230.4.252.141,CO,empower 24/7 portals
999,Lyon,Bent,lbentrq@wired.com,Male,9.194.6.191,MG,innovate B2B portals
1000,Yvor,Menel,ymenelrr@webnode.com,Male,202.104.28.182,NG,implement wireless web services
